Route,Origin,Destination,Stop_Name,Scraping Time,ETA1,ETA2,ETA3
269D,天富,瀝源,天富總站,2021-03-25 09:08:56,6 分鐘 預定班次,21 分鐘 預定班次,36 分鐘 預定班次
269D,天富,瀝源,天晴晴彩樓,2021-03-25 09:08:58,8 分鐘 預定班次,23 分鐘 預定班次,38 分鐘 預定班次
269D,天富,瀝源,天晴晴雲樓,2021-03-25 09:09:01,10 分鐘 預定班次,25 分鐘 預定班次,40 分鐘 預定班次
269D,天富,瀝源,天富苑能富閣,2021-03-25 09:09:03,11 分鐘 預定班次,26 分鐘 預定班次,41 分鐘 預定班次
269D,天富,瀝源,天富苑欣富閣,2021-03-25 09:09:05,即將到達,14 分鐘 預定班次,29 分鐘 預定班次
269D,天富,瀝源,天頌苑,2021-03-25 09:09:07,1 分鐘,16 分鐘 預定班次,31 分鐘 預定班次
269D,天富,瀝源,天瑞,2021-03-25 09:09:09,4 分鐘,18 分鐘 預定班次,33 分鐘 預定班次
269D,天富,瀝源,天水圍公園,2021-03-25 09:09:11,6 分鐘,20 分鐘 預定班次,35 分鐘 預定班次
269D,天富,瀝源,天耀耀盛樓,2021-03-25 09:09:13,7 分鐘,22 分鐘 預定班次,37 分鐘 預定班次
269D,天富,瀝源,天耀耀民樓,2021-03-25 09:09:15,10 分鐘,24 分鐘 預定班次,39 分鐘 預定班次
269D,天富,瀝源,天祐苑,2021-03-25 09:09:17,12 分鐘,26 分鐘 預定班次,
269D,天富,瀝源,鳳池村,2021-03-25 09:09:20,3 分鐘,17 分鐘,31 分鐘 預定班次
269D,天富,瀝源,山水樓,2021-03-25 09:09:22,5 分鐘,19 分鐘,32 分鐘 預定班次
269D,天富,瀝源,水邊圍,2021-03-25 09:09:24,7 分鐘,21 分鐘,35 分鐘 預定班次
269D,天富,瀝源,元朗喜利徑,2021-03-25 09:09:26,9 分鐘,23 分鐘,
269D,天富,瀝源,元朗谷亭街,2021-03-25 09:09:28,即將到達,12 分鐘,26 分鐘
269D,天富,瀝源,形點 II,2021-03-25 09:09:30,3 分鐘,15 分鐘,29 分鐘
269D,天富,瀝源,形點 I,2021-03-25 09:09:32,4 分鐘,16 分鐘,30 分鐘
269D,天富,瀝源,大欖隧道,2021-03-25 09:09:34,4 分鐘,11 分鐘,23 分鐘
269D,天富,瀝源,大欖隧道,2021-03-25 09:09:36,4 分鐘,11 分鐘,23 分鐘
269D,天富,瀝源,城門隧道轉車站,2021-03-25 09:09:39,6 分鐘,19 分鐘,26 分鐘
269D,天富,瀝源,城門隧道轉車站,2021-03-25 09:09:41,6 分鐘,19 分鐘,26 分鐘
269D,天富,瀝源,沙田市中心總站,2021-03-25 09:09:43,即將到達,18 分鐘,30 分鐘
269D,天富,瀝源,祿泉樓,2021-03-25 09:09:45,2 分鐘,4 分鐘,22 分鐘
269D,天富,瀝源,瀝源巴士總站,2021-03-25 09:09:47,3 分鐘,6 分鐘,23 分鐘
269D,瀝源,天富,瀝源巴士總站,2021-03-25 09:09:51,6 分鐘 預定班次,20 分鐘 預定班次,34 分鐘 預定班次
269D,瀝源,天富,瀝源,2021-03-25 09:09:53,7 分鐘 預定班次,21 分鐘 預定班次,35 分鐘 預定班次
269D,瀝源,天富,沙田市中心總站,2021-03-25 09:09:56,1 分鐘,13 分鐘 預定班次,27 分鐘 預定班次
269D,瀝源,天富,城門隧道轉車站,2021-03-25 09:09:58,10 分鐘,23 分鐘 預定班次,37 分鐘 預定班次
269D,瀝源,天富,城門隧道轉車站,2021-03-25 09:10:00,11 分鐘,23 分鐘 預定班次,37 分鐘 預定班次
269D,瀝源,天富,大欖隧道,2021-03-25 09:10:02,9 分鐘,24 分鐘,36 分鐘 預定班次
269D,瀝源,天富,大欖隧道,2021-03-25 09:10:04,9 分鐘,25 分鐘,37 分鐘 預定班次
269D,瀝源,天富,形點 I,2021-03-25 09:10:06,1 分鐘,18 分鐘,33 分鐘
269D,瀝源,天富,元朗又新街,2021-03-25 09:10:08,2 分鐘,19 分鐘,34 分鐘
269D,瀝源,天富,元朗大棠路,2021-03-25 09:10:10,4 分鐘,21 分鐘,36 分鐘
269D,瀝源,天富,元朗康樂路,2021-03-25 09:10:13,6 分鐘,23 分鐘,38 分鐘
269D,瀝源,天富,元朗警署,2021-03-25 09:10:15,7 分鐘,24 分鐘,39 分鐘
269D,瀝源,天富,水邊村,2021-03-25 09:10:17,8 分鐘,25 分鐘,40 分鐘
269D,瀝源,天富,元朗公園,2021-03-25 09:10:19,9 分鐘,26 分鐘,41 分鐘
269D,瀝源,天富,聚星樓,2021-03-25 09:10:21,14 分鐘,30 分鐘,46 分鐘
269D,瀝源,天富,天盛苑,2021-03-25 09:10:23,17 分鐘,33 分鐘,
269D,瀝源,天富,賞湖居,2021-03-25 09:10:25,2 分鐘,19 分鐘,
269D,瀝源,天富,天水圍公園,2021-03-25 09:10:27,即將到達,4 分鐘,21 分鐘
269D,瀝源,天富,天瑞,2021-03-25 09:10:29,1 分鐘,4 分鐘,22 分鐘
269D,瀝源,天富,天華,2021-03-25 09:10:32,3 分鐘,7 分鐘,25 分鐘
269D,瀝源,天富,天富總站,2021-03-25 09:10:34,5 分鐘,9 分鐘,26 分鐘
E34B,元朗,機場(地面運輸中心),山水樓,2021-03-25 09:10:42,14 分鐘 預定班次,29 分鐘 預定班次,
E34B,元朗,機場(地面運輸中心),水邊圍,2021-03-25 09:10:44,即將到達,16 分鐘 預定班次,31 分鐘 預定班次
E34B,元朗,機場(地面運輸中心),元朗廣場,2021-03-25 09:10:46,2 分鐘,17 分鐘 預定班次,32 分鐘 預定班次
E34B,元朗,機場(地面運輸中心),同樂街,2021-03-25 09:10:48,4 分鐘,20 分鐘 預定班次,35 分鐘 預定班次
E34B,元朗,機場(地面運輸中心),谷亭街,2021-03-25 09:10:51,6 分鐘,21 分鐘 預定班次,36 分鐘 預定班次
E34B,元朗,機場(地面運輸中心),形點 II,2021-03-25 09:10:53,8 分鐘,24 分鐘 預定班次,39 分鐘 預定班次
E34B,元朗,機場(地面運輸中心),形點 I,2021-03-25 09:10:55,10 分鐘,25 分鐘 預定班次,40 分鐘 預定班次
E34B,元朗,機場(地面運輸中心),大欖隧道,2021-03-25 09:10:57,2 分鐘,16 分鐘,32 分鐘 預定班次
E34B,元朗,機場(地面運輸中心),青馬收費廣場,2021-03-25 09:10:59,15 分鐘,29 分鐘,
E34B,元朗,機場(地面運輸中心),東涌消防局,2021-03-25 09:11:01,11 分鐘,27 分鐘,41 分鐘
E34B,元朗,機場(地面運輸中心),東堤灣畔,2021-03-25 09:11:03,12 分鐘,29 分鐘,43 分鐘
E34B,元朗,機場(地面運輸中心),赤角南路,2021-03-25 09:11:05,16 分鐘,32 分鐘,46 分鐘
E34B,元朗,機場(地面運輸中心),駿運北路,2021-03-25 09:11:07,17 分鐘,34 分鐘,48 分鐘
E34B,元朗,機場(地面運輸中心),香港空運貨站,2021-03-25 09:11:10,19 分鐘,36 分鐘,50 分鐘
E34B,元朗,機場(地面運輸中心),空郵中心,2021-03-25 09:11:12,即將到達,21 分鐘,37 分鐘
E34B,元朗,機場(地面運輸中心),國泰城,2021-03-25 09:11:14,1 分鐘 預定班次,23 分鐘,39 分鐘
E34B,元朗,機場(地面運輸中心),暢連路,2021-03-25 09:11:16,4 分鐘 預定班次,26 分鐘,42 分鐘
E34B,元朗,機場(地面運輸中心),一號客運大樓 (落客站),2021-03-25 09:11:18,7 分鐘 預定班次,28 分鐘,44 分鐘
E34B,元朗,機場(地面運輸中心),機場(地面運輸中心)巴士總站,2021-03-25 09:11:20,11 分鐘 預定班次,32 分鐘,
E34B,元朗,機場(地面運輸中心),機場(地面運輸中心)巴士總站,2021-03-25 09:11:22,3 分鐘,15 分鐘 預定班次,36 分鐘
E34B,機場(地面運輸中心),元朗,機場(地面運輸中心)總站,2021-03-25 09:11:27,8 分鐘 預定班次,28 分鐘 預定班次,48 分鐘 預定班次
E34B,機場(地面運輸中心),元朗,國泰城,2021-03-25 09:11:29,12 分鐘 預定班次,32 分鐘 預定班次,52 分鐘 預定班次
E34B,機場(地面運輸中心),元朗,機場警署,2021-03-25 09:11:31,14 分鐘 預定班次,34 分鐘 預定班次,54 分鐘 預定班次
E34B,機場(地面運輸中心),元朗,駿運南路,2021-03-25 09:11:33,16 分鐘 預定班次,36 分鐘 預定班次,56 分鐘 預定班次
E34B,機場(地面運輸中心),元朗,機場空運中心,2021-03-25 09:11:35,17 分鐘 預定班次,37 分鐘 預定班次,56 分鐘 預定班次
E34B,機場(地面運輸中心),元朗,亞洲空運中心,2021-03-25 09:11:37,19 分鐘 預定班次,39 分鐘 預定班次,
E34B,機場(地面運輸中心),元朗,赤角南路,2021-03-25 09:11:39,1 分鐘,21 分鐘 預定班次,41 分鐘 預定班次
E34B,機場(地面運輸中心),元朗,東涌纜車站,2021-03-25 09:11:41,4 分鐘,24 分鐘 預定班次,44 分鐘 預定班次
E34B,機場(地面運輸中心),元朗,富東廣場,2021-03-25 09:11:44,6 分鐘,26 分鐘 預定班次,46 分鐘 預定班次
E34B,機場(地面運輸中心),元朗,裕東苑,2021-03-25 09:11:46,8 分鐘,28 分鐘 預定班次,48 分鐘 預定班次
E34B,機場(地面運輸中心),元朗,青馬收費廣場,2021-03-25 09:11:48,即將到達,20 分鐘,40 分鐘 預定班次
E34B,機場(地面運輸中心),元朗,大欖隧道,2021-03-25 09:11:50,12 分鐘,32 分鐘,52 分鐘 預定班次
E34B,機場(地面運輸中心),元朗,形點 I,2021-03-25 09:11:52,1 分鐘,20 分鐘,40 分鐘
E34B,機場(地面運輸中心),元朗,又新街,2021-03-25 09:11:54,2 分鐘,22 分鐘,42 分鐘
E34B,機場(地面運輸中心),元朗,大棠路,2021-03-25 09:11:56,4 分鐘,24 分鐘,44 分鐘
E34B,機場(地面運輸中心),元朗,康樂路,2021-03-25 09:11:58,6 分鐘,25 分鐘,45 分鐘
E34B,機場(地面運輸中心),元朗,康水樓,2021-03-25 09:12:00,10 分鐘,30 分鐘,49 分鐘
E34B,機場(地面運輸中心),元朗,山水樓,2021-03-25 09:12:03,12 分鐘,31 分鐘,51 分鐘
968,元朗(西),銅鑼灣(天后),元朗（西）總站,2021-03-25 09:12:11,3 分鐘 預定班次,10 分鐘 預定班次,17 分鐘 預定班次
968,元朗(西),銅鑼灣(天后),元朗同樂街,2021-03-25 09:12:13,5 分鐘 預定班次,12 分鐘 預定班次,
968,元朗(西),銅鑼灣(天后),元朗谷亭街,2021-03-25 09:12:15,即將到達,7 分鐘 預定班次,14 分鐘 預定班次
968,元朗(西),銅鑼灣(天后),形點 II,2021-03-25 09:12:17,3 分鐘,10 分鐘 預定班次,17 分鐘 預定班次
968,元朗(西),銅鑼灣(天后),形點 I,2021-03-25 09:12:19,5 分鐘,11 分鐘 預定班次,18 分鐘 預定班次
968,元朗(西),銅鑼灣(天后),大欖隧道,2021-03-25 09:12:22,4 分鐘,11 分鐘,18 分鐘 預定班次
968,元朗(西),銅鑼灣(天后),大欖隧道,2021-03-25 09:12:24,4 分鐘,11 分鐘,17 分鐘 預定班次
968,元朗(西),銅鑼灣(天后),西區海底隧道,2021-03-25 09:12:26,6 分鐘,10 分鐘,11 分鐘
968,元朗(西),銅鑼灣(天后),西消防街,2021-03-25 09:12:28,1 分鐘,1 分鐘,
968,元朗(西),銅鑼灣(天后),港澳碼頭,2021-03-25 09:12:30,3 分鐘,6 分鐘,
968,元朗(西),銅鑼灣(天后),海港政府大樓,2021-03-25 09:12:32,4 分鐘,6 分鐘,
968,元朗(西),銅鑼灣(天后),怡和大廈,2021-03-25 09:12:34,1 分鐘,6 分鐘,
968,元朗(西),銅鑼灣(天后),力寶中心,2021-03-25 09:12:36,即將到達,2 分鐘,4 分鐘
968,元朗(西),銅鑼灣(天后),軍器廠街,2021-03-25 09:12:38,2 分鐘,4 分鐘,5 分鐘
968,元朗(西),銅鑼灣(天后),菲林明道,2021-03-25 09:12:41,4 分鐘,6 分鐘,
968,元朗(西),銅鑼灣(天后),史釗域道,2021-03-25 09:12:43,2 分鐘,6 分鐘,8 分鐘
968,元朗(西),銅鑼灣(天后),灣仔消防局,2021-03-25 09:12:45,5 分鐘,9 分鐘,11 分鐘
968,元朗(西),銅鑼灣(天后),怡和街,2021-03-25 09:12:47,6 分鐘,11 分鐘,13 分鐘
968,元朗(西),銅鑼灣(天后),維多利亞公園,2021-03-25 09:12:49,8 分鐘,,
968,元朗(西),銅鑼灣(天后),銅鑼灣天后總站,2021-03-25 09:12:51,即將到達,10 分鐘,
968,銅鑼灣(天后),元朗(西),銅鑼灣天后總站,2021-03-25 09:12:55,12 分鐘 預定班次,27 分鐘 預定班次,42 分鐘 預定班次
968,銅鑼灣(天后),元朗(西),中央圖書館,2021-03-25 09:12:58,14 分鐘 預定班次,29 分鐘 預定班次,
968,銅鑼灣(天后),元朗(西),怡和街,2021-03-25 09:13:00,1 分鐘,17 分鐘 預定班次,32 分鐘 預定班次
968,銅鑼灣(天后),元朗(西),天樂里,2021-03-25 09:13:02,4 分鐘,20 分鐘 預定班次,35 分鐘 預定班次
968,銅鑼灣(天后),元朗(西),廣生行大廈,2021-03-25 09:13:04,6 分鐘,22 分鐘 預定班次,37 分鐘 預定班次
968,銅鑼灣(天后),元朗(西),菲林明道,2021-03-25 09:13:06,8 分鐘,24 分鐘 預定班次,39 分鐘 預定班次
968,銅鑼灣(天后),元朗(西),盧押道,2021-03-25 09:13:08,9 分鐘,25 分鐘 預定班次,40 分鐘 預定班次
968,銅鑼灣(天后),元朗(西),太古廣場,2021-03-25 09:13:10,11 分鐘,27 分鐘 預定班次,42 分鐘 預定班次
968,銅鑼灣(天后),元朗(西),豐總行,2021-03-25 09:13:12,13 分鐘,29 分鐘 預定班次,
968,銅鑼灣(天后),元朗(西),永吉街,2021-03-25 09:13:14,3 分鐘,17 分鐘,33 分鐘 預定班次
968,銅鑼灣(天后),元朗(西),皇后街,2021-03-25 09:13:17,8 分鐘,22 分鐘,38 分鐘 預定班次
968,銅鑼灣(天后),元朗(西),西區海底隧道,2021-03-25 09:13:19,13 分鐘,27 分鐘,43 分鐘 預定班次
968,銅鑼灣(天后),元朗(西),大欖隧道,2021-03-25 09:13:21,3 分鐘,14 分鐘,31 分鐘
968,銅鑼灣(天后),元朗(西),大欖隧道,2021-03-25 09:13:23,3 分鐘,15 分鐘,31 分鐘
968,銅鑼灣(天后),元朗(西),形點 I,2021-03-25 09:13:25,11 分鐘,22 分鐘,38 分鐘
968,銅鑼灣(天后),元朗(西),元朗又新街,2021-03-25 09:13:27,12 分鐘,24 分鐘,
968,銅鑼灣(天后),元朗(西),元朗大棠路,2021-03-25 09:13:29,1 分鐘,14 分鐘,25 分鐘
968,銅鑼灣(天后),元朗(西),元朗（西）總站,2021-03-25 09:13:31,4 分鐘,17 分鐘,28 分鐘
