Route,Origin,Destination,Stop_Name,Scraping Time,ETA1,ETA2,ETA3
269D,天富,瀝源,天富總站,2021-03-26 08:07:47,2 分鐘 預定班次,14 分鐘 預定班次,26 分鐘 預定班次
269D,天富,瀝源,天晴晴彩樓,2021-03-26 08:07:50,4 分鐘 預定班次,16 分鐘 預定班次,28 分鐘 預定班次
269D,天富,瀝源,天晴晴雲樓,2021-03-26 08:07:52,5 分鐘 預定班次,17 分鐘 預定班次,29 分鐘 預定班次
269D,天富,瀝源,天富苑能富閣,2021-03-26 08:07:54,7 分鐘 預定班次,19 分鐘 預定班次,31 分鐘 預定班次
269D,天富,瀝源,天富苑欣富閣,2021-03-26 08:07:56,10 分鐘 預定班次,22 分鐘 預定班次,34 分鐘 預定班次
269D,天富,瀝源,天頌苑,2021-03-26 08:07:58,12 分鐘 預定班次,24 分鐘 預定班次,36 分鐘 預定班次
269D,天富,瀝源,天瑞,2021-03-26 08:08:00,1 分鐘,15 分鐘 預定班次,27 分鐘 預定班次
269D,天富,瀝源,天水圍公園,2021-03-26 08:08:02,2 分鐘,16 分鐘 預定班次,28 分鐘 預定班次
269D,天富,瀝源,天耀耀盛樓,2021-03-26 08:08:04,4 分鐘,18 分鐘 預定班次,30 分鐘 預定班次
269D,天富,瀝源,天耀耀民樓,2021-03-26 08:08:07,6 分鐘,21 分鐘 預定班次,
269D,天富,瀝源,天祐苑,2021-03-26 08:08:09,9 分鐘,23 分鐘 預定班次,
269D,天富,瀝源,鳳池村,2021-03-26 08:08:11,2 分鐘,4 分鐘,13 分鐘
269D,天富,瀝源,山水樓,2021-03-26 08:08:13,即將到達,5 分鐘,7 分鐘
269D,天富,瀝源,水邊圍,2021-03-26 08:08:15,2 分鐘,7 分鐘,9 分鐘
269D,天富,瀝源,元朗喜利徑,2021-03-26 08:08:17,5 分鐘,10 分鐘,12 分鐘
269D,天富,瀝源,元朗谷亭街,2021-03-26 08:08:19,7 分鐘,13 分鐘,15 分鐘
269D,天富,瀝源,形點 II,2021-03-26 08:08:21,10 分鐘,15 分鐘,
269D,天富,瀝源,形點 I,2021-03-26 08:08:23,11 分鐘,16 分鐘,
269D,天富,瀝源,大欖隧道,2021-03-26 08:08:26,6 分鐘,18 分鐘,
269D,天富,瀝源,大欖隧道,2021-03-26 08:08:28,即將到達,7 分鐘,19 分鐘
269D,天富,瀝源,城門隧道轉車站,2021-03-26 08:08:30,1 分鐘,1 分鐘,
269D,天富,瀝源,城門隧道轉車站,2021-03-26 08:08:32,1 分鐘,2 分鐘,
269D,天富,瀝源,沙田市中心總站,2021-03-26 08:08:34,即將到達,9 分鐘,12 分鐘
269D,天富,瀝源,祿泉樓,2021-03-26 08:08:36,4 分鐘,13 分鐘,16 分鐘
269D,天富,瀝源,瀝源巴士總站,2021-03-26 08:08:38,6 分鐘,15 分鐘,18 分鐘
269D,瀝源,天富,瀝源巴士總站,2021-03-26 08:08:43,11 分鐘 預定班次,26 分鐘 預定班次,40 分鐘 預定班次
269D,瀝源,天富,瀝源,2021-03-26 08:08:45,13 分鐘 預定班次,28 分鐘 預定班次,
269D,瀝源,天富,沙田市中心總站,2021-03-26 08:08:47,4 分鐘,19 分鐘 預定班次,34 分鐘 預定班次
269D,瀝源,天富,城門隧道轉車站,2021-03-26 08:08:49,2 分鐘,15 分鐘,29 分鐘 預定班次
269D,瀝源,天富,城門隧道轉車站,2021-03-26 08:08:51,3 分鐘,15 分鐘,30 分鐘 預定班次
269D,瀝源,天富,大欖隧道,2021-03-26 08:08:53,1 分鐘,17 分鐘,29 分鐘
269D,瀝源,天富,大欖隧道,2021-03-26 08:08:55,1 分鐘,17 分鐘,30 分鐘
269D,瀝源,天富,形點 I,2021-03-26 08:08:57,10 分鐘,26 分鐘,38 分鐘
269D,瀝源,天富,元朗又新街,2021-03-26 08:09:00,12 分鐘,27 分鐘,40 分鐘
269D,瀝源,天富,元朗大棠路,2021-03-26 08:09:02,13 分鐘,29 分鐘,42 分鐘
269D,瀝源,天富,元朗康樂路,2021-03-26 08:09:04,15 分鐘,31 分鐘,
269D,瀝源,天富,元朗警署,2021-03-26 08:09:06,16 分鐘,32 分鐘,
269D,瀝源,天富,水邊村,2021-03-26 08:09:08,1 分鐘,18 分鐘,34 分鐘
269D,瀝源,天富,元朗公園,2021-03-26 08:09:10,2 分鐘,19 分鐘,35 分鐘
269D,瀝源,天富,聚星樓,2021-03-26 08:09:12,8 分鐘,25 分鐘,41 分鐘
269D,瀝源,天富,天盛苑,2021-03-26 08:09:14,11 分鐘,28 分鐘,
269D,瀝源,天富,賞湖居,2021-03-26 08:09:16,1 分鐘,14 分鐘,31 分鐘
269D,瀝源,天富,天水圍公園,2021-03-26 08:09:19,3 分鐘,16 分鐘,33 分鐘
269D,瀝源,天富,天瑞,2021-03-26 08:09:21,3 分鐘,15 分鐘,33 分鐘
269D,瀝源,天富,天華,2021-03-26 08:09:23,5 分鐘,18 分鐘,35 分鐘
269D,瀝源,天富,天富總站,2021-03-26 08:09:25,7 分鐘,20 分鐘,37 分鐘
E34B,元朗,機場(地面運輸中心),山水樓,2021-03-26 08:09:33,即將到達,20 分鐘 預定班次,40 分鐘 預定班次
E34B,元朗,機場(地面運輸中心),水邊圍,2021-03-26 08:09:35,1 分鐘,22 分鐘 預定班次,42 分鐘 預定班次
E34B,元朗,機場(地面運輸中心),元朗廣場,2021-03-26 08:09:38,3 分鐘,24 分鐘 預定班次,44 分鐘 預定班次
E34B,元朗,機場(地面運輸中心),同樂街,2021-03-26 08:09:40,6 分鐘,26 分鐘 預定班次,46 分鐘 預定班次
E34B,元朗,機場(地面運輸中心),谷亭街,2021-03-26 08:09:42,8 分鐘,28 分鐘 預定班次,48 分鐘 預定班次
E34B,元朗,機場(地面運輸中心),形點 II,2021-03-26 08:09:44,11 分鐘,31 分鐘 預定班次,51 分鐘 預定班次
E34B,元朗,機場(地面運輸中心),形點 I,2021-03-26 08:09:46,12 分鐘,33 分鐘 預定班次,53 分鐘 預定班次
E34B,元朗,機場(地面運輸中心),大欖隧道,2021-03-26 08:09:48,即將到達,20 分鐘,40 分鐘 預定班次
E34B,元朗,機場(地面運輸中心),青馬收費廣場,2021-03-26 08:09:50,5 分鐘,13 分鐘,33 分鐘
E34B,元朗,機場(地面運輸中心),東涌消防局,2021-03-26 08:09:52,6 分鐘 預定班次,18 分鐘,26 分鐘
E34B,元朗,機場(地面運輸中心),東堤灣畔,2021-03-26 08:09:55,8 分鐘 預定班次,19 分鐘,
E34B,元朗,機場(地面運輸中心),赤角南路,2021-03-26 08:09:57,2 分鐘,11 分鐘 預定班次,22 分鐘
E34B,元朗,機場(地面運輸中心),駿運北路,2021-03-26 08:09:59,4 分鐘,13 分鐘 預定班次,25 分鐘
E34B,元朗,機場(地面運輸中心),香港空運貨站,2021-03-26 08:10:01,6 分鐘,15 分鐘 預定班次,27 分鐘
E34B,元朗,機場(地面運輸中心),空郵中心,2021-03-26 08:10:03,8 分鐘,16 分鐘 預定班次,28 分鐘
E34B,元朗,機場(地面運輸中心),國泰城,2021-03-26 08:10:05,即將到達,9 分鐘,18 分鐘 預定班次
E34B,元朗,機場(地面運輸中心),暢連路,2021-03-26 08:10:07,3 分鐘,12 分鐘,21 分鐘 預定班次
E34B,元朗,機場(地面運輸中心),一號客運大樓 (落客站),2021-03-26 08:10:09,5 分鐘,15 分鐘,24 分鐘 預定班次
E34B,元朗,機場(地面運輸中心),機場(地面運輸中心)巴士總站,2021-03-26 08:10:11,9 分鐘,19 分鐘,27 分鐘 預定班次
E34B,元朗,機場(地面運輸中心),機場(地面運輸中心)巴士總站,2021-03-26 08:10:14,3 分鐘,14 分鐘,23 分鐘
E34B,機場(地面運輸中心),元朗,機場(地面運輸中心)總站,2021-03-26 08:10:18,10 分鐘 預定班次,30 分鐘 預定班次,50 分鐘 預定班次
E34B,機場(地面運輸中心),元朗,國泰城,2021-03-26 08:10:20,14 分鐘 預定班次,34 分鐘 預定班次,54 分鐘 預定班次
E34B,機場(地面運輸中心),元朗,機場警署,2021-03-26 08:10:22,15 分鐘 預定班次,35 分鐘 預定班次,55 分鐘 預定班次
E34B,機場(地面運輸中心),元朗,駿運南路,2021-03-26 08:10:24,17 分鐘 預定班次,37 分鐘 預定班次,57 分鐘 預定班次
E34B,機場(地面運輸中心),元朗,機場空運中心,2021-03-26 08:10:26,18 分鐘 預定班次,38 分鐘 預定班次,
E34B,機場(地面運輸中心),元朗,亞洲空運中心,2021-03-26 08:10:28,1 分鐘,21 分鐘 預定班次,41 分鐘 預定班次
E34B,機場(地面運輸中心),元朗,赤角南路,2021-03-26 08:10:30,3 分鐘,23 分鐘 預定班次,43 分鐘 預定班次
E34B,機場(地面運輸中心),元朗,東涌纜車站,2021-03-26 08:10:33,6 分鐘,26 分鐘 預定班次,46 分鐘 預定班次
E34B,機場(地面運輸中心),元朗,富東廣場,2021-03-26 08:10:35,8 分鐘,28 分鐘 預定班次,48 分鐘 預定班次
E34B,機場(地面運輸中心),元朗,裕東苑,2021-03-26 08:10:37,10 分鐘,30 分鐘 預定班次,50 分鐘 預定班次
E34B,機場(地面運輸中心),元朗,青馬收費廣場,2021-03-26 08:10:39,5 分鐘,9 分鐘,22 分鐘
E34B,機場(地面運輸中心),元朗,大欖隧道,2021-03-26 08:10:41,17 分鐘,21 分鐘,35 分鐘
E34B,機場(地面運輸中心),元朗,形點 I,2021-03-26 08:10:43,3 分鐘,25 分鐘,30 分鐘
E34B,機場(地面運輸中心),元朗,又新街,2021-03-26 08:10:45,5 分鐘,27 分鐘,32 分鐘
E34B,機場(地面運輸中心),元朗,大棠路,2021-03-26 08:10:47,7 分鐘,29 分鐘,34 分鐘
E34B,機場(地面運輸中心),元朗,康樂路,2021-03-26 08:10:50,9 分鐘,31 分鐘,35 分鐘
E34B,機場(地面運輸中心),元朗,康水樓,2021-03-26 08:10:52,13 分鐘,35 分鐘,39 分鐘
E34B,機場(地面運輸中心),元朗,山水樓,2021-03-26 08:10:54,14 分鐘,36 分鐘,41 分鐘
968,元朗(西),銅鑼灣(天后),元朗（西）總站,2021-03-26 08:11:02,2 分鐘 預定班次,7 分鐘 預定班次,12 分鐘 預定班次
968,元朗(西),銅鑼灣(天后),元朗同樂街,2021-03-26 08:11:04,即將到達,4 分鐘 預定班次,9 分鐘 預定班次
968,元朗(西),銅鑼灣(天后),元朗谷亭街,2021-03-26 08:11:06,2 分鐘,6 分鐘 預定班次,11 分鐘 預定班次
968,元朗(西),銅鑼灣(天后),形點 II,2021-03-26 08:11:09,5 分鐘,10 分鐘 預定班次,
968,元朗(西),銅鑼灣(天后),形點 I,2021-03-26 08:11:11,即將到達,7 分鐘,11 分鐘 預定班次
968,元朗(西),銅鑼灣(天后),大欖隧道,2021-03-26 08:11:13,即將到達,4 分鐘,4 分鐘
968,元朗(西),銅鑼灣(天后),大欖隧道,2021-03-26 08:11:15,1 分鐘,4 分鐘,
968,元朗(西),銅鑼灣(天后),西區海底隧道,2021-03-26 08:11:17,即將到達,4 分鐘,7 分鐘
968,元朗(西),銅鑼灣(天后),西消防街,2021-03-26 08:11:19,1 分鐘,3 分鐘,5 分鐘
968,元朗(西),銅鑼灣(天后),港澳碼頭,2021-03-26 08:11:21,即將到達,4 分鐘,7 分鐘
968,元朗(西),銅鑼灣(天后),海港政府大樓,2021-03-26 08:11:23,1 分鐘,5 分鐘,8 分鐘
968,元朗(西),銅鑼灣(天后),怡和大廈,2021-03-26 08:11:25,3 分鐘,7 分鐘,10 分鐘
968,元朗(西),銅鑼灣(天后),力寶中心,2021-03-26 08:11:48,暫時無法提供,,
968,元朗(西),銅鑼灣(天后),軍器廠街,2021-03-26 08:11:50,即將到達,1 分鐘,1 分鐘
968,元朗(西),銅鑼灣(天后),菲林明道,2021-03-26 08:11:52,3 分鐘,3 分鐘,4 分鐘
968,元朗(西),銅鑼灣(天后),史釗域道,2021-03-26 08:11:54,6 分鐘,6 分鐘,7 分鐘
968,元朗(西),銅鑼灣(天后),灣仔消防局,2021-03-26 08:11:57,8 分鐘,8 分鐘,
968,元朗(西),銅鑼灣(天后),怡和街,2021-03-26 08:11:59,即將到達,1 分鐘,10 分鐘
968,元朗(西),銅鑼灣(天后),維多利亞公園,2021-03-26 08:12:01,1 分鐘,3 分鐘,12 分鐘
968,元朗(西),銅鑼灣(天后),銅鑼灣天后總站,2021-03-26 08:12:03,3 分鐘,4 分鐘,13 分鐘
968,銅鑼灣(天后),元朗(西),銅鑼灣天后總站,2021-03-26 08:12:07,13 分鐘 預定班次,28 分鐘 預定班次,43 分鐘 預定班次
968,銅鑼灣(天后),元朗(西),中央圖書館,2021-03-26 08:12:09,即將到達,15 分鐘 預定班次,30 分鐘 預定班次
968,銅鑼灣(天后),元朗(西),怡和街,2021-03-26 08:12:11,3 分鐘,18 分鐘 預定班次,33 分鐘 預定班次
968,銅鑼灣(天后),元朗(西),天樂里,2021-03-26 08:12:14,5 分鐘,21 分鐘 預定班次,36 分鐘 預定班次
968,銅鑼灣(天后),元朗(西),廣生行大廈,2021-03-26 08:12:16,7 分鐘,23 分鐘 預定班次,38 分鐘 預定班次
968,銅鑼灣(天后),元朗(西),菲林明道,2021-03-26 08:12:18,9 分鐘,25 分鐘 預定班次,40 分鐘 預定班次
968,銅鑼灣(天后),元朗(西),盧押道,2021-03-26 08:12:20,11 分鐘,26 分鐘 預定班次,41 分鐘 預定班次
968,銅鑼灣(天后),元朗(西),太古廣場,2021-03-26 08:12:22,12 分鐘,27 分鐘 預定班次,42 分鐘 預定班次
968,銅鑼灣(天后),元朗(西),豐總行,2021-03-26 08:12:24,14 分鐘,29 分鐘 預定班次,
968,銅鑼灣(天后),元朗(西),永吉街,2021-03-26 08:12:26,2 分鐘,18 分鐘,33 分鐘 預定班次
968,銅鑼灣(天后),元朗(西),皇后街,2021-03-26 08:12:28,7 分鐘,23 分鐘,38 分鐘 預定班次
968,銅鑼灣(天后),元朗(西),西區海底隧道,2021-03-26 08:12:30,12 分鐘,28 分鐘,43 分鐘 預定班次
968,銅鑼灣(天后),元朗(西),大欖隧道,2021-03-26 08:12:33,5 分鐘,31 分鐘,47 分鐘
968,銅鑼灣(天后),元朗(西),大欖隧道,2021-03-26 08:12:35,5 分鐘,31 分鐘,47 分鐘
968,銅鑼灣(天后),元朗(西),形點 I,2021-03-26 08:12:37,14 分鐘,39 分鐘,54 分鐘
968,銅鑼灣(天后),元朗(西),元朗又新街,2021-03-26 08:12:39,15 分鐘,41 分鐘,56 分鐘
968,銅鑼灣(天后),元朗(西),元朗大棠路,2021-03-26 08:12:41,17 分鐘,43 分鐘,
968,銅鑼灣(天后),元朗(西),元朗（西）總站,2021-03-26 08:12:43,2 分鐘,20 分鐘,46 分鐘
