Route,Origin,Destination,Stop_Name,Scraping Time,ETA1,ETA2,ETA3
269D,天富,瀝源,天富總站,2021-03-27 16:00:15,即將到達,12 分鐘 預定班次,24 分鐘 預定班次
269D,天富,瀝源,天晴晴彩樓,2021-03-27 16:00:17,1 分鐘,14 分鐘 預定班次,26 分鐘 預定班次
269D,天富,瀝源,天晴晴雲樓,2021-03-27 16:00:19,3 分鐘,15 分鐘 預定班次,27 分鐘 預定班次
269D,天富,瀝源,天富苑能富閣,2021-03-27 16:00:21,3 分鐘,16 分鐘 預定班次,28 分鐘 預定班次
269D,天富,瀝源,天富苑欣富閣,2021-03-27 16:00:23,6 分鐘,19 分鐘 預定班次,31 分鐘 預定班次
269D,天富,瀝源,天頌苑,2021-03-27 16:00:25,8 分鐘,20 分鐘 預定班次,32 分鐘 預定班次
269D,天富,瀝源,天瑞,2021-03-27 16:00:28,即將到達,10 分鐘,23 分鐘 預定班次
269D,天富,瀝源,天水圍公園,2021-03-27 16:00:30,1 分鐘,12 分鐘,24 分鐘 預定班次
269D,天富,瀝源,天耀耀盛樓,2021-03-27 16:00:32,3 分鐘,13 分鐘,26 分鐘 預定班次
269D,天富,瀝源,天耀耀民樓,2021-03-27 16:00:34,5 分鐘,15 分鐘,28 分鐘 預定班次
269D,天富,瀝源,天祐苑,2021-03-27 16:00:36,7 分鐘,18 分鐘,30 分鐘 預定班次
269D,天富,瀝源,鳳池村,2021-03-27 16:00:38,13 分鐘,23 分鐘,
269D,天富,瀝源,山水樓,2021-03-27 16:00:40,1 分鐘 預定班次,16 分鐘,26 分鐘
269D,天富,瀝源,水邊圍,2021-03-27 16:00:42,3 分鐘 預定班次,18 分鐘,28 分鐘
269D,天富,瀝源,元朗喜利徑,2021-03-27 16:00:45,5 分鐘 預定班次,20 分鐘,31 分鐘
269D,天富,瀝源,元朗谷亭街,2021-03-27 16:00:47,8 分鐘 預定班次,23 分鐘,33 分鐘
269D,天富,瀝源,形點 II,2021-03-27 16:00:49,12 分鐘 預定班次,26 分鐘,
269D,天富,瀝源,形點 I,2021-03-27 16:00:51,1 分鐘,12 分鐘,28 分鐘
269D,天富,瀝源,大欖隧道,2021-03-27 16:00:53,7 分鐘,19 分鐘,34 分鐘
269D,天富,瀝源,大欖隧道,2021-03-27 16:00:55,8 分鐘,19 分鐘,35 分鐘
269D,天富,瀝源,城門隧道轉車站,2021-03-27 16:00:57,4 分鐘,6 分鐘,21 分鐘
269D,天富,瀝源,城門隧道轉車站,2021-03-27 16:00:59,4 分鐘,6 分鐘,22 分鐘
269D,天富,瀝源,沙田市中心總站,2021-03-27 16:01:01,14 分鐘,16 分鐘,32 分鐘
269D,天富,瀝源,祿泉樓,2021-03-27 16:01:04,2 分鐘,19 分鐘,20 分鐘
269D,天富,瀝源,瀝源巴士總站,2021-03-27 16:01:06,3 分鐘,20 分鐘,22 分鐘
269D,瀝源,天富,瀝源巴士總站,2021-03-27 16:01:10,3 分鐘 預定班次,15 分鐘 預定班次,27 分鐘 預定班次
269D,瀝源,天富,瀝源,2021-03-27 16:01:12,4 分鐘 預定班次,16 分鐘 預定班次,28 分鐘 預定班次
269D,瀝源,天富,沙田市中心總站,2021-03-27 16:01:14,11 分鐘 預定班次,23 分鐘 預定班次,
269D,瀝源,天富,城門隧道轉車站,2021-03-27 16:01:16,9 分鐘,21 分鐘 預定班次,33 分鐘 預定班次
269D,瀝源,天富,城門隧道轉車站,2021-03-27 16:01:18,9 分鐘,21 分鐘 預定班次,
269D,瀝源,天富,大欖隧道,2021-03-27 16:01:21,11 分鐘,21 分鐘,
269D,瀝源,天富,大欖隧道,2021-03-27 16:01:23,12 分鐘,22 分鐘,
269D,瀝源,天富,形點 I,2021-03-27 16:01:25,即將到達,8 分鐘,21 分鐘
269D,瀝源,天富,元朗又新街,2021-03-27 16:01:27,2 分鐘,9 分鐘,22 分鐘
269D,瀝源,天富,元朗大棠路,2021-03-27 16:01:29,4 分鐘,12 分鐘,25 分鐘
269D,瀝源,天富,元朗康樂路,2021-03-27 16:01:31,6 分鐘,13 分鐘,26 分鐘
269D,瀝源,天富,元朗警署,2021-03-27 16:01:33,8 分鐘,15 分鐘,
269D,瀝源,天富,水邊村,2021-03-27 16:01:35,即將到達,9 分鐘,16 分鐘
269D,瀝源,天富,元朗公園,2021-03-27 16:01:37,1 分鐘,10 分鐘,17 分鐘
269D,瀝源,天富,聚星樓,2021-03-27 16:01:40,7 分鐘,16 分鐘,23 分鐘
269D,瀝源,天富,天盛苑,2021-03-27 16:01:42,10 分鐘,18 分鐘,26 分鐘
269D,瀝源,天富,賞湖居,2021-03-27 16:01:44,12 分鐘,21 分鐘,28 分鐘
269D,瀝源,天富,天水圍公園,2021-03-27 16:01:46,即將到達,14 分鐘,23 分鐘
269D,瀝源,天富,天瑞,2021-03-27 16:01:48,1 分鐘,15 分鐘,24 分鐘
269D,瀝源,天富,天華,2021-03-27 16:01:50,3 分鐘,18 分鐘,26 分鐘
269D,瀝源,天富,天富總站,2021-03-27 16:01:52,5 分鐘,20 分鐘,29 分鐘
E34B,元朗,機場(地面運輸中心),山水樓,2021-03-27 16:02:01,3 分鐘 預定班次,28 分鐘 預定班次,53 分鐘 預定班次
E34B,元朗,機場(地面運輸中心),水邊圍,2021-03-27 16:02:03,5 分鐘 預定班次,30 分鐘 預定班次,55 分鐘 預定班次
E34B,元朗,機場(地面運輸中心),元朗廣場,2021-03-27 16:02:05,6 分鐘 預定班次,31 分鐘 預定班次,56 分鐘 預定班次
E34B,元朗,機場(地面運輸中心),同樂街,2021-03-27 16:02:07,8 分鐘 預定班次,33 分鐘 預定班次,58 分鐘 預定班次
E34B,元朗,機場(地面運輸中心),谷亭街,2021-03-27 16:02:09,10 分鐘 預定班次,35 分鐘 預定班次,
E34B,元朗,機場(地面運輸中心),形點 II,2021-03-27 16:02:11,13 分鐘 預定班次,38 分鐘 預定班次,
E34B,元朗,機場(地面運輸中心),形點 I,2021-03-27 16:02:13,14 分鐘 預定班次,39 分鐘 預定班次,
E34B,元朗,機場(地面運輸中心),大欖隧道,2021-03-27 16:02:16,20 分鐘 預定班次,45 分鐘 預定班次,
E34B,元朗,機場(地面運輸中心),青馬收費廣場,2021-03-27 16:02:18,7 分鐘,33 分鐘 預定班次,58 分鐘 預定班次
E34B,元朗,機場(地面運輸中心),東涌消防局,2021-03-27 16:02:20,20 分鐘,45 分鐘 預定班次,
E34B,元朗,機場(地面運輸中心),東堤灣畔,2021-03-27 16:02:22,20 分鐘,45 分鐘 預定班次,
E34B,元朗,機場(地面運輸中心),赤角南路,2021-03-27 16:02:24,23 分鐘,48 分鐘 預定班次,
E34B,元朗,機場(地面運輸中心),駿運北路,2021-03-27 16:02:26,1 分鐘,24 分鐘,50 分鐘 預定班次
E34B,元朗,機場(地面運輸中心),香港空運貨站,2021-03-27 16:02:28,2 分鐘,26 分鐘,51 分鐘 預定班次
E34B,元朗,機場(地面運輸中心),空郵中心,2021-03-27 16:02:30,4 分鐘,27 分鐘,53 分鐘 預定班次
E34B,元朗,機場(地面運輸中心),國泰城,2021-03-27 16:02:32,5 分鐘,29 分鐘,54 分鐘 預定班次
E34B,元朗,機場(地面運輸中心),暢連路,2021-03-27 16:02:35,7 分鐘,31 分鐘,56 分鐘 預定班次
E34B,元朗,機場(地面運輸中心),一號客運大樓 (落客站),2021-03-27 16:02:37,9 分鐘,33 分鐘,
E34B,元朗,機場(地面運輸中心),機場(地面運輸中心)巴士總站,2021-03-27 16:02:39,13 分鐘,37 分鐘,
E34B,元朗,機場(地面運輸中心),機場(地面運輸中心)巴士總站,2021-03-27 16:02:41,15 分鐘,39 分鐘,
E34B,機場(地面運輸中心),元朗,機場(地面運輸中心)總站,2021-03-27 16:02:45,12 分鐘 預定班次,27 分鐘 預定班次,42 分鐘 預定班次
E34B,機場(地面運輸中心),元朗,國泰城,2021-03-27 16:02:47,即將到達,16 分鐘 預定班次,31 分鐘 預定班次
E34B,機場(地面運輸中心),元朗,機場警署,2021-03-27 16:02:49,3 分鐘,18 分鐘 預定班次,33 分鐘 預定班次
E34B,機場(地面運輸中心),元朗,駿運南路,2021-03-27 16:02:52,5 分鐘,20 分鐘 預定班次,35 分鐘 預定班次
E34B,機場(地面運輸中心),元朗,機場空運中心,2021-03-27 16:02:54,6 分鐘,21 分鐘 預定班次,36 分鐘 預定班次
E34B,機場(地面運輸中心),元朗,亞洲空運中心,2021-03-27 16:02:56,8 分鐘,23 分鐘 預定班次,38 分鐘 預定班次
E34B,機場(地面運輸中心),元朗,赤角南路,2021-03-27 16:02:58,10 分鐘,25 分鐘 預定班次,40 分鐘 預定班次
E34B,機場(地面運輸中心),元朗,東涌纜車站,2021-03-27 16:03:00,13 分鐘,28 分鐘 預定班次,
E34B,機場(地面運輸中心),元朗,富東廣場,2021-03-27 16:03:02,1 分鐘,15 分鐘,30 分鐘 預定班次
E34B,機場(地面運輸中心),元朗,裕東苑,2021-03-27 16:03:04,3 分鐘,17 分鐘,32 分鐘 預定班次
E34B,機場(地面運輸中心),元朗,青馬收費廣場,2021-03-27 16:03:06,7 分鐘,16 分鐘,29 分鐘
E34B,機場(地面運輸中心),元朗,大欖隧道,2021-03-27 16:03:09,5 分鐘,19 分鐘,28 分鐘
E34B,機場(地面運輸中心),元朗,形點 I,2021-03-27 16:03:11,1 分鐘,14 分鐘,28 分鐘
E34B,機場(地面運輸中心),元朗,又新街,2021-03-27 16:03:13,3 分鐘,16 分鐘,30 分鐘
E34B,機場(地面運輸中心),元朗,大棠路,2021-03-27 16:03:15,即將到達,5 分鐘,18 分鐘
E34B,機場(地面運輸中心),元朗,康樂路,2021-03-27 16:03:17,1 分鐘,7 分鐘,19 分鐘
E34B,機場(地面運輸中心),元朗,康水樓,2021-03-27 16:03:19,6 分鐘,11 分鐘,24 分鐘
E34B,機場(地面運輸中心),元朗,山水樓,2021-03-27 16:03:21,6 分鐘,12 分鐘,24 分鐘
968,元朗(西),銅鑼灣(天后),元朗（西）總站,2021-03-27 16:03:30,3 分鐘 預定班次,11 分鐘 預定班次,18 分鐘 預定班次
968,元朗(西),銅鑼灣(天后),元朗同樂街,2021-03-27 16:03:32,5 分鐘 預定班次,13 分鐘 預定班次,20 分鐘 預定班次
968,元朗(西),銅鑼灣(天后),元朗谷亭街,2021-03-27 16:03:34,7 分鐘 預定班次,15 分鐘 預定班次,
968,元朗(西),銅鑼灣(天后),形點 II,2021-03-27 16:03:36,2 分鐘,10 分鐘 預定班次,18 分鐘 預定班次
968,元朗(西),銅鑼灣(天后),形點 I,2021-03-27 16:03:38,4 分鐘,12 分鐘 預定班次,20 分鐘 預定班次
968,元朗(西),銅鑼灣(天后),大欖隧道,2021-03-27 16:03:40,3 分鐘,10 分鐘,18 分鐘 預定班次
968,元朗(西),銅鑼灣(天后),大欖隧道,2021-03-27 16:03:42,4 分鐘,10 分鐘,19 分鐘 預定班次
968,元朗(西),銅鑼灣(天后),西區海底隧道,2021-03-27 16:03:44,2 分鐘,7 分鐘,22 分鐘
968,元朗(西),銅鑼灣(天后),西消防街,2021-03-27 16:03:47,6 分鐘,11 分鐘,27 分鐘
968,元朗(西),銅鑼灣(天后),港澳碼頭,2021-03-27 16:03:49,即將到達,10 分鐘,16 分鐘
968,元朗(西),銅鑼灣(天后),海港政府大樓,2021-03-27 16:03:51,2 分鐘,12 分鐘,
968,元朗(西),銅鑼灣(天后),怡和大廈,2021-03-27 16:03:53,即將到達,3 分鐘,14 分鐘
968,元朗(西),銅鑼灣(天后),力寶中心,2021-03-27 16:03:55,3 分鐘,6 分鐘,16 分鐘
968,元朗(西),銅鑼灣(天后),軍器廠街,2021-03-27 16:03:57,4 分鐘,7 分鐘,18 分鐘
968,元朗(西),銅鑼灣(天后),菲林明道,2021-03-27 16:03:59,6 分鐘,9 分鐘,20 分鐘
968,元朗(西),銅鑼灣(天后),史釗域道,2021-03-27 16:04:01,9 分鐘,12 分鐘,23 分鐘
968,元朗(西),銅鑼灣(天后),灣仔消防局,2021-03-27 16:04:03,12 分鐘,15 分鐘,25 分鐘
968,元朗(西),銅鑼灣(天后),怡和街,2021-03-27 16:04:06,即將到達,14 分鐘,17 分鐘
968,元朗(西),銅鑼灣(天后),維多利亞公園,2021-03-27 16:04:08,2 分鐘,16 分鐘,19 分鐘
968,元朗(西),銅鑼灣(天后),銅鑼灣天后總站,2021-03-27 16:04:10,4 分鐘,17 分鐘,20 分鐘
968,銅鑼灣(天后),元朗(西),銅鑼灣天后總站,2021-03-27 16:04:14,2 分鐘 預定班次,10 分鐘 預定班次,16 分鐘 預定班次
968,銅鑼灣(天后),元朗(西),中央圖書館,2021-03-27 16:04:16,5 分鐘 預定班次,13 分鐘 預定班次,19 分鐘 預定班次
968,銅鑼灣(天后),元朗(西),怡和街,2021-03-27 16:04:18,1 分鐘,8 分鐘 預定班次,16 分鐘 預定班次
968,銅鑼灣(天后),元朗(西),天樂里,2021-03-27 16:04:21,4 分鐘,11 分鐘 預定班次,19 分鐘 預定班次
968,銅鑼灣(天后),元朗(西),廣生行大廈,2021-03-27 16:04:23,5 分鐘,12 分鐘 預定班次,20 分鐘 預定班次
968,銅鑼灣(天后),元朗(西),菲林明道,2021-03-27 16:04:25,7 分鐘,15 分鐘 預定班次,
968,銅鑼灣(天后),元朗(西),盧押道,2021-03-27 16:04:27,9 分鐘,16 分鐘 預定班次,
968,銅鑼灣(天后),元朗(西),太古廣場,2021-03-27 16:04:29,2 分鐘,12 分鐘,19 分鐘 預定班次
968,銅鑼灣(天后),元朗(西),豐總行,2021-03-27 16:04:31,5 分鐘,14 分鐘,22 分鐘 預定班次
968,銅鑼灣(天后),元朗(西),永吉街,2021-03-27 16:04:33,8 分鐘,18 分鐘,25 分鐘 預定班次
968,銅鑼灣(天后),元朗(西),皇后街,2021-03-27 16:04:35,即將到達,14 分鐘,24 分鐘
968,銅鑼灣(天后),元朗(西),西區海底隧道,2021-03-27 16:04:37,5 分鐘,19 分鐘,
968,銅鑼灣(天后),元朗(西),大欖隧道,2021-03-27 16:04:40,17 分鐘,24 分鐘,
968,銅鑼灣(天后),元朗(西),大欖隧道,2021-03-27 16:04:42,18 分鐘,25 分鐘,
968,銅鑼灣(天后),元朗(西),形點 I,2021-03-27 16:04:44,5 分鐘,8 分鐘,
968,銅鑼灣(天后),元朗(西),元朗又新街,2021-03-27 16:04:46,即將到達,7 分鐘,10 分鐘
968,銅鑼灣(天后),元朗(西),元朗大棠路,2021-03-27 16:04:48,2 分鐘,10 分鐘,12 分鐘
968,銅鑼灣(天后),元朗(西),元朗（西）總站,2021-03-27 16:04:50,5 分鐘,13 分鐘,16 分鐘
