Route,Origin,Destination,Stop_Name,Scraping Time,ETA1,ETA2,ETA3
269D,天富,瀝源,天富總站,2021-03-25 15:59:56,即將到達,11 分鐘 預定班次,21 分鐘 預定班次
269D,天富,瀝源,天晴晴彩樓,2021-03-25 15:59:58,2 分鐘 預定班次,13 分鐘 預定班次,23 分鐘 預定班次
269D,天富,瀝源,天晴晴雲樓,2021-03-25 16:00:00,3 分鐘 預定班次,14 分鐘 預定班次,24 分鐘 預定班次
269D,天富,瀝源,天富苑能富閣,2021-03-25 16:00:02,5 分鐘 預定班次,16 分鐘 預定班次,26 分鐘 預定班次
269D,天富,瀝源,天富苑欣富閣,2021-03-25 16:00:04,8 分鐘 預定班次,19 分鐘 預定班次,29 分鐘 預定班次
269D,天富,瀝源,天頌苑,2021-03-25 16:00:07,9 分鐘 預定班次,20 分鐘 預定班次,30 分鐘 預定班次
269D,天富,瀝源,天瑞,2021-03-25 16:00:09,12 分鐘 預定班次,23 分鐘 預定班次,33 分鐘 預定班次
269D,天富,瀝源,天水圍公園,2021-03-25 16:00:11,13 分鐘 預定班次,24 分鐘 預定班次,34 分鐘 預定班次
269D,天富,瀝源,天耀耀盛樓,2021-03-25 16:00:13,即將到達,15 分鐘 預定班次,26 分鐘 預定班次
269D,天富,瀝源,天耀耀民樓,2021-03-25 16:00:15,2 分鐘,17 分鐘 預定班次,28 分鐘 預定班次
269D,天富,瀝源,天祐苑,2021-03-25 16:00:17,4 分鐘,19 分鐘 預定班次,30 分鐘 預定班次
269D,天富,瀝源,鳳池村,2021-03-25 16:00:19,9 分鐘,23 分鐘,34 分鐘 預定班次
269D,天富,瀝源,山水樓,2021-03-25 16:00:21,11 分鐘,26 分鐘,37 分鐘 預定班次
269D,天富,瀝源,水邊圍,2021-03-25 16:00:23,14 分鐘,28 分鐘,
269D,天富,瀝源,元朗喜利徑,2021-03-25 16:00:26,1 分鐘,16 分鐘,30 分鐘
269D,天富,瀝源,元朗谷亭街,2021-03-25 16:00:28,4 分鐘,19 分鐘,33 分鐘
269D,天富,瀝源,形點 II,2021-03-25 16:00:30,7 分鐘,22 分鐘,37 分鐘
269D,天富,瀝源,形點 I,2021-03-25 16:00:32,9 分鐘,23 分鐘,38 分鐘
269D,天富,瀝源,大欖隧道,2021-03-25 16:00:34,15 分鐘,30 分鐘,44 分鐘
269D,天富,瀝源,大欖隧道,2021-03-25 16:00:36,15 分鐘,30 分鐘,45 分鐘
269D,天富,瀝源,城門隧道轉車站,2021-03-25 16:00:38,6 分鐘,29 分鐘,44 分鐘
269D,天富,瀝源,城門隧道轉車站,2021-03-25 16:00:40,7 分鐘,29 分鐘,44 分鐘
269D,天富,瀝源,沙田市中心總站,2021-03-25 16:00:43,17 分鐘,39 分鐘,54 分鐘
269D,天富,瀝源,祿泉樓,2021-03-25 16:00:45,21 分鐘,44 分鐘,
269D,天富,瀝源,瀝源巴士總站,2021-03-25 16:00:47,23 分鐘,45 分鐘,
269D,瀝源,天富,瀝源巴士總站,2021-03-25 16:00:51,3 分鐘 預定班次,15 分鐘 預定班次,29 分鐘 預定班次
269D,瀝源,天富,瀝源,2021-03-25 16:00:53,5 分鐘 預定班次,17 分鐘 預定班次,31 分鐘 預定班次
269D,瀝源,天富,沙田市中心總站,2021-03-25 16:00:55,11 分鐘 預定班次,23 分鐘 預定班次,37 分鐘 預定班次
269D,瀝源,天富,城門隧道轉車站,2021-03-25 16:00:57,4 分鐘,21 分鐘 預定班次,33 分鐘 預定班次
269D,瀝源,天富,城門隧道轉車站,2021-03-25 16:00:59,4 分鐘,21 分鐘 預定班次,33 分鐘 預定班次
269D,瀝源,天富,大欖隧道,2021-03-25 16:01:02,5 分鐘,17 分鐘,34 分鐘 預定班次
269D,瀝源,天富,大欖隧道,2021-03-25 16:01:04,6 分鐘,18 分鐘,35 分鐘 預定班次
269D,瀝源,天富,形點 I,2021-03-25 16:01:06,1 分鐘,14 分鐘,27 分鐘
269D,瀝源,天富,元朗又新街,2021-03-25 16:01:08,2 分鐘,16 分鐘,29 分鐘
269D,瀝源,天富,元朗大棠路,2021-03-25 16:01:10,5 分鐘,18 分鐘,31 分鐘
269D,瀝源,天富,元朗康樂路,2021-03-25 16:01:12,6 分鐘,20 分鐘,33 分鐘
269D,瀝源,天富,元朗警署,2021-03-25 16:01:14,8 分鐘,22 分鐘,34 分鐘
269D,瀝源,天富,水邊村,2021-03-25 16:01:16,9 分鐘,23 分鐘,36 分鐘
269D,瀝源,天富,元朗公園,2021-03-25 16:01:19,9 分鐘,23 分鐘,35 分鐘
269D,瀝源,天富,聚星樓,2021-03-25 16:01:21,3 分鐘,15 分鐘,29 分鐘
269D,瀝源,天富,天盛苑,2021-03-25 16:01:23,5 分鐘,18 分鐘,32 分鐘
269D,瀝源,天富,賞湖居,2021-03-25 16:01:25,8 分鐘,20 分鐘,34 分鐘
269D,瀝源,天富,天水圍公園,2021-03-25 16:01:27,10 分鐘,23 分鐘,37 分鐘
269D,瀝源,天富,天瑞,2021-03-25 16:01:29,11 分鐘,24 分鐘,38 分鐘
269D,瀝源,天富,天華,2021-03-25 16:01:31,14 分鐘,26 分鐘,40 分鐘
269D,瀝源,天富,天富總站,2021-03-25 16:01:33,16 分鐘,29 分鐘,42 分鐘
E34B,元朗,機場(地面運輸中心),山水樓,2021-03-25 16:01:42,3 分鐘 預定班次,28 分鐘 預定班次,53 分鐘 預定班次
E34B,元朗,機場(地面運輸中心),水邊圍,2021-03-25 16:01:44,5 分鐘 預定班次,30 分鐘 預定班次,55 分鐘 預定班次
E34B,元朗,機場(地面運輸中心),元朗廣場,2021-03-25 16:01:46,6 分鐘 預定班次,31 分鐘 預定班次,56 分鐘 預定班次
E34B,元朗,機場(地面運輸中心),同樂街,2021-03-25 16:01:48,8 分鐘 預定班次,33 分鐘 預定班次,
E34B,元朗,機場(地面運輸中心),谷亭街,2021-03-25 16:01:50,10 分鐘 預定班次,35 分鐘 預定班次,
E34B,元朗,機場(地面運輸中心),形點 II,2021-03-25 16:01:52,13 分鐘 預定班次,38 分鐘 預定班次,
E34B,元朗,機場(地面運輸中心),形點 I,2021-03-25 16:01:54,14 分鐘 預定班次,39 分鐘 預定班次,
E34B,元朗,機場(地面運輸中心),大欖隧道,2021-03-25 16:01:57,20 分鐘 預定班次,45 分鐘 預定班次,
E34B,元朗,機場(地面運輸中心),青馬收費廣場,2021-03-25 16:01:59,8 分鐘,33 分鐘 預定班次,58 分鐘 預定班次
E34B,元朗,機場(地面運輸中心),東涌消防局,2021-03-25 16:02:01,20 分鐘,45 分鐘 預定班次,
E34B,元朗,機場(地面運輸中心),東堤灣畔,2021-03-25 16:02:03,22 分鐘,46 分鐘 預定班次,
E34B,元朗,機場(地面運輸中心),赤角南路,2021-03-25 16:02:05,2 分鐘,24 分鐘,49 分鐘 預定班次
E34B,元朗,機場(地面運輸中心),駿運北路,2021-03-25 16:02:07,3 分鐘,26 分鐘,51 分鐘 預定班次
E34B,元朗,機場(地面運輸中心),香港空運貨站,2021-03-25 16:02:09,5 分鐘,27 分鐘,52 分鐘 預定班次
E34B,元朗,機場(地面運輸中心),空郵中心,2021-03-25 16:02:11,6 分鐘,29 分鐘,54 分鐘 預定班次
E34B,元朗,機場(地面運輸中心),國泰城,2021-03-25 16:02:13,7 分鐘,30 分鐘,55 分鐘 預定班次
E34B,元朗,機場(地面運輸中心),暢連路,2021-03-25 16:02:16,10 分鐘,32 分鐘,57 分鐘 預定班次
E34B,元朗,機場(地面運輸中心),一號客運大樓 (落客站),2021-03-25 16:02:18,12 分鐘,34 分鐘,
E34B,元朗,機場(地面運輸中心),機場(地面運輸中心)巴士總站,2021-03-25 16:02:20,15 分鐘,37 分鐘,
E34B,元朗,機場(地面運輸中心),機場(地面運輸中心)巴士總站,2021-03-25 16:02:22,17 分鐘,39 分鐘,
E34B,機場(地面運輸中心),元朗,機場(地面運輸中心)總站,2021-03-25 16:02:26,12 分鐘 預定班次,27 分鐘 預定班次,42 分鐘 預定班次
E34B,機場(地面運輸中心),元朗,國泰城,2021-03-25 16:02:28,即將到達,16 分鐘 預定班次,31 分鐘 預定班次
E34B,機場(地面運輸中心),元朗,機場警署,2021-03-25 16:02:30,3 分鐘,18 分鐘 預定班次,33 分鐘 預定班次
E34B,機場(地面運輸中心),元朗,駿運南路,2021-03-25 16:02:33,5 分鐘,20 分鐘 預定班次,35 分鐘 預定班次
E34B,機場(地面運輸中心),元朗,機場空運中心,2021-03-25 16:02:35,6 分鐘,21 分鐘 預定班次,36 分鐘 預定班次
E34B,機場(地面運輸中心),元朗,亞洲空運中心,2021-03-25 16:02:37,8 分鐘,23 分鐘 預定班次,38 分鐘 預定班次
E34B,機場(地面運輸中心),元朗,赤角南路,2021-03-25 16:02:39,10 分鐘,25 分鐘 預定班次,
E34B,機場(地面運輸中心),元朗,東涌纜車站,2021-03-25 16:02:41,2 分鐘,13 分鐘,28 分鐘 預定班次
E34B,機場(地面運輸中心),元朗,富東廣場,2021-03-25 16:02:43,4 分鐘,15 分鐘,30 分鐘 預定班次
E34B,機場(地面運輸中心),元朗,裕東苑,2021-03-25 16:02:45,6 分鐘,17 分鐘,32 分鐘 預定班次
E34B,機場(地面運輸中心),元朗,青馬收費廣場,2021-03-25 16:02:47,2 分鐘,18 分鐘,29 分鐘
E34B,機場(地面運輸中心),元朗,大欖隧道,2021-03-25 16:02:49,8 分鐘,14 分鐘,31 分鐘
E34B,機場(地面運輸中心),元朗,形點 I,2021-03-25 16:02:52,3 分鐘,17 分鐘,23 分鐘
E34B,機場(地面運輸中心),元朗,又新街,2021-03-25 16:02:54,5 分鐘,19 分鐘,25 分鐘
E34B,機場(地面運輸中心),元朗,大棠路,2021-03-25 16:02:56,6 分鐘,21 分鐘,27 分鐘
E34B,機場(地面運輸中心),元朗,康樂路,2021-03-25 16:02:58,8 分鐘,22 分鐘,28 分鐘
E34B,機場(地面運輸中心),元朗,康水樓,2021-03-25 16:03:00,1 分鐘,12 分鐘,27 分鐘
E34B,機場(地面運輸中心),元朗,山水樓,2021-03-25 16:03:02,2 分鐘,14 分鐘,28 分鐘
968,元朗(西),銅鑼灣(天后),元朗（西）總站,2021-03-25 16:03:11,7 分鐘 預定班次,17 分鐘 預定班次,27 分鐘 預定班次
968,元朗(西),銅鑼灣(天后),元朗同樂街,2021-03-25 16:03:13,即將到達,9 分鐘 預定班次,19 分鐘 預定班次
968,元朗(西),銅鑼灣(天后),元朗谷亭街,2021-03-25 16:03:15,1 分鐘,11 分鐘 預定班次,21 分鐘 預定班次
968,元朗(西),銅鑼灣(天后),形點 II,2021-03-25 16:03:17,4 分鐘,14 分鐘 預定班次,24 分鐘 預定班次
968,元朗(西),銅鑼灣(天后),形點 I,2021-03-25 16:03:19,6 分鐘,16 分鐘 預定班次,26 分鐘 預定班次
968,元朗(西),銅鑼灣(天后),大欖隧道,2021-03-25 16:03:21,11 分鐘,21 分鐘 預定班次,31 分鐘 預定班次
968,元朗(西),銅鑼灣(天后),大欖隧道,2021-03-25 16:03:23,12 分鐘,21 分鐘 預定班次,31 分鐘 預定班次
968,元朗(西),銅鑼灣(天后),西區海底隧道,2021-03-25 16:03:25,5 分鐘,15 分鐘,30 分鐘
968,元朗(西),銅鑼灣(天后),西消防街,2021-03-25 16:03:28,9 分鐘,20 分鐘,35 分鐘
968,元朗(西),銅鑼灣(天后),港澳碼頭,2021-03-25 16:03:30,1 分鐘,13 分鐘,24 分鐘
968,元朗(西),銅鑼灣(天后),海港政府大樓,2021-03-25 16:03:32,3 分鐘,14 分鐘,25 分鐘
968,元朗(西),銅鑼灣(天后),怡和大廈,2021-03-25 16:03:34,5 分鐘,17 分鐘,28 分鐘
968,元朗(西),銅鑼灣(天后),力寶中心,2021-03-25 16:03:36,7 分鐘,19 分鐘,30 分鐘
968,元朗(西),銅鑼灣(天后),軍器廠街,2021-03-25 16:03:38,9 分鐘,20 分鐘,31 分鐘
968,元朗(西),銅鑼灣(天后),菲林明道,2021-03-25 16:03:40,11 分鐘,22 分鐘,
968,元朗(西),銅鑼灣(天后),史釗域道,2021-03-25 16:03:42,1 分鐘,13 分鐘,
968,元朗(西),銅鑼灣(天后),灣仔消防局,2021-03-25 16:03:44,1 分鐘,3 分鐘,16 分鐘
968,元朗(西),銅鑼灣(天后),怡和街,2021-03-25 16:03:47,4 分鐘,6 分鐘,18 分鐘
968,元朗(西),銅鑼灣(天后),維多利亞公園,2021-03-25 16:03:49,5 分鐘,7 分鐘,20 分鐘
968,元朗(西),銅鑼灣(天后),銅鑼灣天后總站,2021-03-25 16:03:51,7 分鐘,9 分鐘,21 分鐘
968,銅鑼灣(天后),元朗(西),銅鑼灣天后總站,2021-03-25 16:03:55,即將到達,12 分鐘 預定班次,22 分鐘 預定班次
968,銅鑼灣(天后),元朗(西),中央圖書館,2021-03-25 16:03:57,3 分鐘 預定班次,15 分鐘 預定班次,25 分鐘 預定班次
968,銅鑼灣(天后),元朗(西),怡和街,2021-03-25 16:03:59,6 分鐘 預定班次,18 分鐘 預定班次,28 分鐘 預定班次
968,銅鑼灣(天后),元朗(西),天樂里,2021-03-25 16:04:01,9 分鐘 預定班次,21 分鐘 預定班次,31 分鐘 預定班次
968,銅鑼灣(天后),元朗(西),廣生行大廈,2021-03-25 16:04:04,11 分鐘 預定班次,23 分鐘 預定班次,33 分鐘 預定班次
968,銅鑼灣(天后),元朗(西),菲林明道,2021-03-25 16:04:06,即將到達,14 分鐘 預定班次,26 分鐘 預定班次
968,銅鑼灣(天后),元朗(西),盧押道,2021-03-25 16:04:08,2 分鐘,16 分鐘 預定班次,28 分鐘 預定班次
968,銅鑼灣(天后),元朗(西),太古廣場,2021-03-25 16:04:10,5 分鐘,19 分鐘 預定班次,31 分鐘 預定班次
968,銅鑼灣(天后),元朗(西),豐總行,2021-03-25 16:04:12,7 分鐘,21 分鐘 預定班次,33 分鐘 預定班次
968,銅鑼灣(天后),元朗(西),永吉街,2021-03-25 16:04:14,11 分鐘,25 分鐘 預定班次,
968,銅鑼灣(天后),元朗(西),皇后街,2021-03-25 16:04:16,5 分鐘,17 分鐘,30 分鐘 預定班次
968,銅鑼灣(天后),元朗(西),西區海底隧道,2021-03-25 16:04:18,10 分鐘,22 分鐘,
968,銅鑼灣(天后),元朗(西),大欖隧道,2021-03-25 16:04:20,16 分鐘,28 分鐘,39 分鐘
968,銅鑼灣(天后),元朗(西),大欖隧道,2021-03-25 16:04:23,17 分鐘,29 分鐘,40 分鐘
968,銅鑼灣(天后),元朗(西),形點 I,2021-03-25 16:04:25,即將到達,7 分鐘,27 分鐘
968,銅鑼灣(天后),元朗(西),元朗又新街,2021-03-25 16:04:27,2 分鐘,9 分鐘,29 分鐘
968,銅鑼灣(天后),元朗(西),元朗大棠路,2021-03-25 16:04:29,4 分鐘,11 分鐘,31 分鐘
968,銅鑼灣(天后),元朗(西),元朗（西）總站,2021-03-25 16:04:31,8 分鐘,14 分鐘,
