Route,Origin,Destination,Stop_Name,Scraping Time,ETA1,ETA2,ETA3
269D,天富,瀝源,天富總站,2021-03-25 14:11:17,9 分鐘 預定班次,,
269D,天富,瀝源,天晴晴彩樓,2021-03-25 14:11:19,10 分鐘 預定班次,,
269D,天富,瀝源,天晴晴雲樓,2021-03-25 14:11:21,11 分鐘 預定班次,,
269D,天富,瀝源,天富苑能富閣,2021-03-25 14:11:23,13 分鐘 預定班次,,
269D,天富,瀝源,天富苑欣富閣,2021-03-25 14:11:25,15 分鐘 預定班次,,
269D,天富,瀝源,天頌苑,2021-03-25 14:11:27,16 分鐘 預定班次,,
269D,天富,瀝源,天瑞,2021-03-25 14:11:29,即將到達,19 分鐘 預定班次,
269D,天富,瀝源,天水圍公園,2021-03-25 14:11:31,1 分鐘,20 分鐘 預定班次,
269D,天富,瀝源,天耀耀盛樓,2021-03-25 14:11:33,3 分鐘,22 分鐘 預定班次,
269D,天富,瀝源,天耀耀民樓,2021-03-25 14:11:36,5 分鐘,24 分鐘 預定班次,
269D,天富,瀝源,天祐苑,2021-03-25 14:11:38,7 分鐘,26 分鐘 預定班次,
269D,天富,瀝源,鳳池村,2021-03-25 14:11:40,11 分鐘,30 分鐘 預定班次,
269D,天富,瀝源,山水樓,2021-03-25 14:11:42,14 分鐘,33 分鐘 預定班次,
269D,天富,瀝源,水邊圍,2021-03-25 14:11:44,16 分鐘,35 分鐘 預定班次,
269D,天富,瀝源,元朗喜利徑,2021-03-25 14:11:46,18 分鐘,37 分鐘 預定班次,
269D,天富,瀝源,元朗谷亭街,2021-03-25 14:11:48,1 分鐘,21 分鐘,40 分鐘 預定班次
269D,天富,瀝源,形點 II,2021-03-25 14:11:50,5 分鐘,24 分鐘,44 分鐘 預定班次
269D,天富,瀝源,形點 I,2021-03-25 14:11:52,6 分鐘,25 分鐘,45 分鐘 預定班次
269D,天富,瀝源,大欖隧道,2021-03-25 14:11:55,13 分鐘,32 分鐘,51 分鐘 預定班次
269D,天富,瀝源,大欖隧道,2021-03-25 14:11:57,13 分鐘,32 分鐘,52 分鐘 預定班次
269D,天富,瀝源,城門隧道轉車站,2021-03-25 14:11:59,11 分鐘,27 分鐘,46 分鐘
269D,天富,瀝源,城門隧道轉車站,2021-03-25 14:12:01,11 分鐘,27 分鐘,46 分鐘
269D,天富,瀝源,沙田市中心總站,2021-03-25 14:12:03,3 分鐘,21 分鐘,37 分鐘
269D,天富,瀝源,祿泉樓,2021-03-25 14:12:05,7 分鐘,25 分鐘,41 分鐘
269D,天富,瀝源,瀝源巴士總站,2021-03-25 14:12:07,9 分鐘,27 分鐘,43 分鐘
269D,瀝源,天富,瀝源巴士總站,2021-03-25 14:12:12,13 分鐘 預定班次,33 分鐘 預定班次,53 分鐘 預定班次
269D,瀝源,天富,瀝源,2021-03-25 14:12:14,14 分鐘 預定班次,34 分鐘 預定班次,55 分鐘 預定班次
269D,瀝源,天富,沙田市中心總站,2021-03-25 14:12:16,21 分鐘 預定班次,41 分鐘 預定班次,
269D,瀝源,天富,城門隧道轉車站,2021-03-25 14:12:18,9 分鐘,31 分鐘 預定班次,51 分鐘 預定班次
269D,瀝源,天富,城門隧道轉車站,2021-03-25 14:12:20,9 分鐘,31 分鐘 預定班次,51 分鐘 預定班次
269D,瀝源,天富,大欖隧道,2021-03-25 14:12:22,4 分鐘,23 分鐘,44 分鐘 預定班次
269D,瀝源,天富,大欖隧道,2021-03-25 14:12:24,4 分鐘,23 分鐘,44 分鐘 預定班次
269D,瀝源,天富,形點 I,2021-03-25 14:12:26,14 分鐘,33 分鐘,55 分鐘 預定班次
269D,瀝源,天富,元朗又新街,2021-03-25 14:12:28,16 分鐘,35 分鐘,56 分鐘 預定班次
269D,瀝源,天富,元朗大棠路,2021-03-25 14:12:31,19 分鐘,37 分鐘,
269D,瀝源,天富,元朗康樂路,2021-03-25 14:12:33,21 分鐘,39 分鐘,
269D,瀝源,天富,元朗警署,2021-03-25 14:12:35,22 分鐘,41 分鐘,
269D,瀝源,天富,水邊村,2021-03-25 14:12:37,23 分鐘,42 分鐘,
269D,瀝源,天富,元朗公園,2021-03-25 14:12:39,即將到達,24 分鐘,43 分鐘
269D,瀝源,天富,聚星樓,2021-03-25 14:12:41,6 分鐘,30 分鐘,
269D,瀝源,天富,天盛苑,2021-03-25 14:12:43,2 分鐘,9 分鐘,33 分鐘
269D,瀝源,天富,賞湖居,2021-03-25 14:12:45,4 分鐘,11 分鐘,35 分鐘
269D,瀝源,天富,天水圍公園,2021-03-25 14:12:47,7 分鐘,13 分鐘,37 分鐘
269D,瀝源,天富,天瑞,2021-03-25 14:12:50,8 分鐘,14 分鐘,38 分鐘
269D,瀝源,天富,天華,2021-03-25 14:12:52,10 分鐘,16 分鐘,40 分鐘
269D,瀝源,天富,天富總站,2021-03-25 14:12:54,12 分鐘,18 分鐘,42 分鐘
E34B,元朗,機場(地面運輸中心),山水樓,2021-03-25 14:13:02,12 分鐘 預定班次,37 分鐘 預定班次,
E34B,元朗,機場(地面運輸中心),水邊圍,2021-03-25 14:13:04,14 分鐘 預定班次,39 分鐘 預定班次,
E34B,元朗,機場(地面運輸中心),元朗廣場,2021-03-25 14:13:06,15 分鐘 預定班次,40 分鐘 預定班次,
E34B,元朗,機場(地面運輸中心),同樂街,2021-03-25 14:13:09,18 分鐘 預定班次,43 分鐘 預定班次,
E34B,元朗,機場(地面運輸中心),谷亭街,2021-03-25 14:13:11,20 分鐘 預定班次,45 分鐘 預定班次,
E34B,元朗,機場(地面運輸中心),形點 II,2021-03-25 14:13:13,23 分鐘 預定班次,48 分鐘 預定班次,
E34B,元朗,機場(地面運輸中心),形點 I,2021-03-25 14:13:15,即將到達,24 分鐘 預定班次,49 分鐘 預定班次
E34B,元朗,機場(地面運輸中心),大欖隧道,2021-03-25 14:13:17,7 分鐘,30 分鐘 預定班次,55 分鐘 預定班次
E34B,元朗,機場(地面運輸中心),青馬收費廣場,2021-03-25 14:13:19,即將到達,19 分鐘,43 分鐘 預定班次
E34B,元朗,機場(地面運輸中心),東涌消防局,2021-03-25 14:13:21,12 分鐘,32 分鐘,56 分鐘 預定班次
E34B,元朗,機場(地面運輸中心),東堤灣畔,2021-03-25 14:13:23,13 分鐘,32 分鐘,56 分鐘 預定班次
E34B,元朗,機場(地面運輸中心),赤角南路,2021-03-25 14:13:25,16 分鐘,35 分鐘,
E34B,元朗,機場(地面運輸中心),駿運北路,2021-03-25 14:13:28,17 分鐘,37 分鐘,
E34B,元朗,機場(地面運輸中心),香港空運貨站,2021-03-25 14:13:30,19 分鐘,39 分鐘,
E34B,元朗,機場(地面運輸中心),空郵中心,2021-03-25 14:13:32,21 分鐘,40 分鐘,
E34B,元朗,機場(地面運輸中心),國泰城,2021-03-25 14:13:34,22 分鐘,42 分鐘,
E34B,元朗,機場(地面運輸中心),暢連路,2021-03-25 14:13:36,2 分鐘,25 分鐘,45 分鐘
E34B,元朗,機場(地面運輸中心),一號客運大樓 (落客站),2021-03-25 14:13:38,4 分鐘,27 分鐘,47 分鐘
E34B,元朗,機場(地面運輸中心),機場(地面運輸中心)巴士總站,2021-03-25 14:13:40,8 分鐘,31 分鐘,51 分鐘
E34B,元朗,機場(地面運輸中心),機場(地面運輸中心)巴士總站,2021-03-25 14:13:42,12 分鐘,35 分鐘,
E34B,機場(地面運輸中心),元朗,機場(地面運輸中心)總站,2021-03-25 14:13:47,21 分鐘 預定班次,46 分鐘 預定班次,58 分鐘 預定班次
E34B,機場(地面運輸中心),元朗,國泰城,2021-03-25 14:13:49,即將到達,25 分鐘 預定班次,50 分鐘 預定班次
E34B,機場(地面運輸中心),元朗,機場警署,2021-03-25 14:13:51,2 分鐘,27 分鐘 預定班次,52 分鐘 預定班次
E34B,機場(地面運輸中心),元朗,駿運南路,2021-03-25 14:13:53,4 分鐘,29 分鐘 預定班次,54 分鐘 預定班次
E34B,機場(地面運輸中心),元朗,機場空運中心,2021-03-25 14:13:55,4 分鐘,30 分鐘 預定班次,55 分鐘 預定班次
E34B,機場(地面運輸中心),元朗,亞洲空運中心,2021-03-25 14:13:57,6 分鐘,31 分鐘 預定班次,57 分鐘 預定班次
E34B,機場(地面運輸中心),元朗,赤角南路,2021-03-25 14:13:59,8 分鐘,33 分鐘 預定班次,
E34B,機場(地面運輸中心),元朗,東涌纜車站,2021-03-25 14:14:01,11 分鐘,36 分鐘 預定班次,
E34B,機場(地面運輸中心),元朗,富東廣場,2021-03-25 14:14:03,13 分鐘,39 分鐘 預定班次,
E34B,機場(地面運輸中心),元朗,裕東苑,2021-03-25 14:14:06,15 分鐘,41 分鐘 預定班次,
E34B,機場(地面運輸中心),元朗,青馬收費廣場,2021-03-25 14:14:08,3 分鐘,28 分鐘,53 分鐘 預定班次
E34B,機場(地面運輸中心),元朗,大欖隧道,2021-03-25 14:14:10,15 分鐘,40 分鐘,
E34B,機場(地面運輸中心),元朗,形點 I,2021-03-25 14:14:12,3 分鐘,25 分鐘,50 分鐘
E34B,機場(地面運輸中心),元朗,又新街,2021-03-25 14:14:14,5 分鐘,27 分鐘,52 分鐘
E34B,機場(地面運輸中心),元朗,大棠路,2021-03-25 14:14:16,7 分鐘,29 分鐘,54 分鐘
E34B,機場(地面運輸中心),元朗,康樂路,2021-03-25 14:14:18,9 分鐘,31 分鐘,56 分鐘
E34B,機場(地面運輸中心),元朗,康水樓,2021-03-25 14:14:20,12 分鐘,35 分鐘,
E34B,機場(地面運輸中心),元朗,山水樓,2021-03-25 14:14:23,13 分鐘,36 分鐘,
968,元朗(西),銅鑼灣(天后),元朗（西）總站,2021-03-25 14:14:31,即將到達,15 分鐘 預定班次,30 分鐘 預定班次
968,元朗(西),銅鑼灣(天后),元朗同樂街,2021-03-25 14:14:33,2 分鐘 預定班次,17 分鐘 預定班次,32 分鐘 預定班次
968,元朗(西),銅鑼灣(天后),元朗谷亭街,2021-03-25 14:14:35,5 分鐘 預定班次,20 分鐘 預定班次,35 分鐘 預定班次
968,元朗(西),銅鑼灣(天后),形點 II,2021-03-25 14:14:37,8 分鐘 預定班次,23 分鐘 預定班次,38 分鐘 預定班次
968,元朗(西),銅鑼灣(天后),形點 I,2021-03-25 14:14:39,10 分鐘 預定班次,25 分鐘 預定班次,40 分鐘 預定班次
968,元朗(西),銅鑼灣(天后),大欖隧道,2021-03-25 14:14:41,即將到達,16 分鐘 預定班次,31 分鐘 預定班次
968,元朗(西),銅鑼灣(天后),大欖隧道,2021-03-25 14:14:44,即將到達,16 分鐘 預定班次,31 分鐘 預定班次
968,元朗(西),銅鑼灣(天后),西區海底隧道,2021-03-25 14:14:46,6 分鐘,19 分鐘,35 分鐘 預定班次
968,元朗(西),銅鑼灣(天后),西消防街,2021-03-25 14:14:48,10 分鐘,23 分鐘,40 分鐘 預定班次
968,元朗(西),銅鑼灣(天后),港澳碼頭,2021-03-25 14:14:50,即將到達,14 分鐘,28 分鐘
968,元朗(西),銅鑼灣(天后),海港政府大樓,2021-03-25 14:14:52,1 分鐘,16 分鐘,29 分鐘
968,元朗(西),銅鑼灣(天后),怡和大廈,2021-03-25 14:14:54,4 分鐘,18 分鐘,32 分鐘
968,元朗(西),銅鑼灣(天后),力寶中心,2021-03-25 14:14:56,6 分鐘,20 分鐘,34 分鐘
968,元朗(西),銅鑼灣(天后),軍器廠街,2021-03-25 14:14:58,7 分鐘,22 分鐘,35 分鐘
968,元朗(西),銅鑼灣(天后),菲林明道,2021-03-25 14:15:01,9 分鐘,24 分鐘,37 分鐘
968,元朗(西),銅鑼灣(天后),史釗域道,2021-03-25 14:15:03,12 分鐘,26 分鐘,40 分鐘
968,元朗(西),銅鑼灣(天后),灣仔消防局,2021-03-25 14:15:05,14 分鐘,29 分鐘,42 分鐘
968,元朗(西),銅鑼灣(天后),怡和街,2021-03-25 14:15:07,即將到達,17 分鐘,31 分鐘
968,元朗(西),銅鑼灣(天后),維多利亞公園,2021-03-25 14:15:09,2 分鐘,18 分鐘,33 分鐘
968,元朗(西),銅鑼灣(天后),銅鑼灣天后總站,2021-03-25 14:15:11,3 分鐘,20 分鐘,34 分鐘
968,銅鑼灣(天后),元朗(西),銅鑼灣天后總站,2021-03-25 14:15:15,即將到達,15 分鐘 預定班次,30 分鐘 預定班次
968,銅鑼灣(天后),元朗(西),中央圖書館,2021-03-25 14:15:17,3 分鐘 預定班次,18 分鐘 預定班次,33 分鐘 預定班次
968,銅鑼灣(天后),元朗(西),怡和街,2021-03-25 14:15:20,6 分鐘 預定班次,21 分鐘 預定班次,36 分鐘 預定班次
968,銅鑼灣(天后),元朗(西),天樂里,2021-03-25 14:15:22,8 分鐘 預定班次,23 分鐘 預定班次,38 分鐘 預定班次
968,銅鑼灣(天后),元朗(西),廣生行大廈,2021-03-25 14:15:23,10 分鐘 預定班次,25 分鐘 預定班次,40 分鐘 預定班次
968,銅鑼灣(天后),元朗(西),菲林明道,2021-03-25 14:15:25,即將到達,13 分鐘 預定班次,28 分鐘 預定班次
968,銅鑼灣(天后),元朗(西),盧押道,2021-03-25 14:15:27,2 分鐘,15 分鐘 預定班次,30 分鐘 預定班次
968,銅鑼灣(天后),元朗(西),太古廣場,2021-03-25 14:15:29,4 分鐘,17 分鐘 預定班次,32 分鐘 預定班次
968,銅鑼灣(天后),元朗(西),豐總行,2021-03-25 14:15:31,6 分鐘,19 分鐘 預定班次,34 分鐘 預定班次
968,銅鑼灣(天后),元朗(西),永吉街,2021-03-25 14:15:33,10 分鐘,23 分鐘 預定班次,38 分鐘 預定班次
968,銅鑼灣(天后),元朗(西),皇后街,2021-03-25 14:15:35,3 分鐘,16 分鐘,29 分鐘 預定班次
968,銅鑼灣(天后),元朗(西),西區海底隧道,2021-03-25 14:15:37,8 分鐘,21 分鐘,34 分鐘 預定班次
968,銅鑼灣(天后),元朗(西),大欖隧道,2021-03-25 14:15:40,5 分鐘,27 分鐘,40 分鐘
968,銅鑼灣(天后),元朗(西),大欖隧道,2021-03-25 14:15:42,5 分鐘,27 分鐘,40 分鐘
968,銅鑼灣(天后),元朗(西),形點 I,2021-03-25 14:15:44,4 分鐘,16 分鐘,38 分鐘
968,銅鑼灣(天后),元朗(西),元朗又新街,2021-03-25 14:15:46,6 分鐘,18 分鐘,40 分鐘
968,銅鑼灣(天后),元朗(西),元朗大棠路,2021-03-25 14:15:48,8 分鐘,20 分鐘,
968,銅鑼灣(天后),元朗(西),元朗（西）總站,2021-03-25 14:15:50,3 分鐘,11 分鐘,23 分鐘
