Route,Origin,Destination,Stop_Name,Scraping Time,ETA1,ETA2,ETA3
269D,天富,瀝源,天富總站,2021-03-26 14:00:14,即將到達,20 分鐘 預定班次,35 分鐘 預定班次
269D,天富,瀝源,天晴晴彩樓,2021-03-26 14:00:16,2 分鐘 預定班次,22 分鐘 預定班次,37 分鐘 預定班次
269D,天富,瀝源,天晴晴雲樓,2021-03-26 14:00:18,3 分鐘 預定班次,23 分鐘 預定班次,38 分鐘 預定班次
269D,天富,瀝源,天富苑能富閣,2021-03-26 14:00:21,5 分鐘 預定班次,25 分鐘 預定班次,40 分鐘 預定班次
269D,天富,瀝源,天富苑欣富閣,2021-03-26 14:00:23,6 分鐘 預定班次,26 分鐘 預定班次,41 分鐘 預定班次
269D,天富,瀝源,天頌苑,2021-03-26 14:00:25,7 分鐘 預定班次,27 分鐘 預定班次,42 分鐘 預定班次
269D,天富,瀝源,天瑞,2021-03-26 14:00:27,10 分鐘 預定班次,30 分鐘 預定班次,45 分鐘 預定班次
269D,天富,瀝源,天水圍公園,2021-03-26 14:00:29,11 分鐘 預定班次,31 分鐘 預定班次,46 分鐘 預定班次
269D,天富,瀝源,天耀耀盛樓,2021-03-26 14:00:31,13 分鐘 預定班次,33 分鐘 預定班次,48 分鐘 預定班次
269D,天富,瀝源,天耀耀民樓,2021-03-26 14:00:33,15 分鐘 預定班次,35 分鐘 預定班次,50 分鐘 預定班次
269D,天富,瀝源,天祐苑,2021-03-26 14:00:35,17 分鐘 預定班次,37 分鐘 預定班次,52 分鐘 預定班次
269D,天富,瀝源,鳳池村,2021-03-26 14:00:38,21 分鐘 預定班次,41 分鐘 預定班次,
269D,天富,瀝源,山水樓,2021-03-26 14:00:40,1 分鐘,24 分鐘 預定班次,44 分鐘 預定班次
269D,天富,瀝源,水邊圍,2021-03-26 14:00:42,4 分鐘,26 分鐘 預定班次,46 分鐘 預定班次
269D,天富,瀝源,元朗喜利徑,2021-03-26 14:00:44,6 分鐘,28 分鐘 預定班次,48 分鐘 預定班次
269D,天富,瀝源,元朗谷亭街,2021-03-26 14:00:46,9 分鐘,31 分鐘 預定班次,51 分鐘 預定班次
269D,天富,瀝源,形點 II,2021-03-26 14:00:48,12 分鐘,35 分鐘 預定班次,55 分鐘 預定班次
269D,天富,瀝源,形點 I,2021-03-26 14:00:50,14 分鐘,36 分鐘 預定班次,
269D,天富,瀝源,大欖隧道,2021-03-26 14:00:52,5 分鐘,20 分鐘,42 分鐘 預定班次
269D,天富,瀝源,大欖隧道,2021-03-26 14:00:54,5 分鐘,20 分鐘,43 分鐘 預定班次
269D,天富,瀝源,城門隧道轉車站,2021-03-26 14:00:57,19 分鐘,34 分鐘,56 分鐘 預定班次
269D,天富,瀝源,城門隧道轉車站,2021-03-26 14:00:59,20 分鐘,34 分鐘,57 分鐘 預定班次
269D,天富,瀝源,沙田市中心總站,2021-03-26 14:01:01,6 分鐘,29 分鐘,44 分鐘
269D,天富,瀝源,祿泉樓,2021-03-26 14:01:03,10 分鐘,34 分鐘,49 分鐘
269D,天富,瀝源,瀝源巴士總站,2021-03-26 14:01:05,12 分鐘,35 分鐘,50 分鐘
269D,瀝源,天富,瀝源巴士總站,2021-03-26 14:01:09,4 分鐘 預定班次,24 分鐘 預定班次,44 分鐘 預定班次
269D,瀝源,天富,瀝源,2021-03-26 14:01:12,5 分鐘 預定班次,25 分鐘 預定班次,45 分鐘 預定班次
269D,瀝源,天富,沙田市中心總站,2021-03-26 14:01:14,12 分鐘 預定班次,32 分鐘 預定班次,
269D,瀝源,天富,城門隧道轉車站,2021-03-26 14:01:16,9 分鐘,22 分鐘 預定班次,42 分鐘 預定班次
269D,瀝源,天富,城門隧道轉車站,2021-03-26 14:01:18,9 分鐘,22 分鐘 預定班次,42 分鐘 預定班次
269D,瀝源,天富,大欖隧道,2021-03-26 14:01:20,23 分鐘,35 分鐘 預定班次,55 分鐘 預定班次
269D,瀝源,天富,大欖隧道,2021-03-26 14:01:22,23 分鐘,35 分鐘 預定班次,55 分鐘 預定班次
269D,瀝源,天富,形點 I,2021-03-26 14:01:24,4 分鐘,33 分鐘,45 分鐘 預定班次
269D,瀝源,天富,元朗又新街,2021-03-26 14:01:26,6 分鐘,35 分鐘,47 分鐘 預定班次
269D,瀝源,天富,元朗大棠路,2021-03-26 14:01:28,8 分鐘,37 分鐘,49 分鐘 預定班次
269D,瀝源,天富,元朗康樂路,2021-03-26 14:01:31,10 分鐘,39 分鐘,51 分鐘 預定班次
269D,瀝源,天富,元朗警署,2021-03-26 14:01:33,11 分鐘,41 分鐘,
269D,瀝源,天富,水邊村,2021-03-26 14:01:35,即將到達,13 分鐘,42 分鐘
269D,瀝源,天富,元朗公園,2021-03-26 14:01:37,1 分鐘,13 分鐘,43 分鐘
269D,瀝源,天富,聚星樓,2021-03-26 14:01:39,7 分鐘,20 分鐘,
269D,瀝源,天富,天盛苑,2021-03-26 14:01:41,1 分鐘,9 分鐘,22 分鐘
269D,瀝源,天富,賞湖居,2021-03-26 14:01:43,3 分鐘,12 分鐘,25 分鐘
269D,瀝源,天富,天水圍公園,2021-03-26 14:01:45,5 分鐘,14 分鐘,27 分鐘
269D,瀝源,天富,天瑞,2021-03-26 14:01:47,6 分鐘,15 分鐘,28 分鐘
269D,瀝源,天富,天華,2021-03-26 14:01:50,9 分鐘,17 分鐘,30 分鐘
269D,瀝源,天富,天富總站,2021-03-26 14:01:52,10 分鐘,19 分鐘,33 分鐘
E34B,元朗,機場(地面運輸中心),山水樓,2021-03-26 14:02:00,23 分鐘 預定班次,48 分鐘 預定班次,
E34B,元朗,機場(地面運輸中心),水邊圍,2021-03-26 14:02:02,25 分鐘 預定班次,50 分鐘 預定班次,
E34B,元朗,機場(地面運輸中心),元朗廣場,2021-03-26 14:02:04,即將到達,26 分鐘 預定班次,51 分鐘 預定班次
E34B,元朗,機場(地面運輸中心),同樂街,2021-03-26 14:02:06,3 分鐘,29 分鐘 預定班次,54 分鐘 預定班次
E34B,元朗,機場(地面運輸中心),谷亭街,2021-03-26 14:02:09,5 分鐘,31 分鐘 預定班次,56 分鐘 預定班次
E34B,元朗,機場(地面運輸中心),形點 II,2021-03-26 14:02:11,8 分鐘,34 分鐘 預定班次,
E34B,元朗,機場(地面運輸中心),形點 I,2021-03-26 14:02:13,9 分鐘,35 分鐘 預定班次,
E34B,元朗,機場(地面運輸中心),大欖隧道,2021-03-26 14:02:15,15 分鐘,41 分鐘 預定班次,
E34B,元朗,機場(地面運輸中心),青馬收費廣場,2021-03-26 14:02:17,10 分鐘,28 分鐘,54 分鐘 預定班次
E34B,元朗,機場(地面運輸中心),東涌消防局,2021-03-26 14:02:19,3 分鐘,23 分鐘,41 分鐘
E34B,元朗,機場(地面運輸中心),東堤灣畔,2021-03-26 14:02:21,4 分鐘,24 分鐘,42 分鐘
E34B,元朗,機場(地面運輸中心),赤角南路,2021-03-26 14:02:23,6 分鐘,26 分鐘,44 分鐘
E34B,元朗,機場(地面運輸中心),駿運北路,2021-03-26 14:02:25,8 分鐘,28 分鐘,45 分鐘
E34B,元朗,機場(地面運輸中心),香港空運貨站,2021-03-26 14:02:28,9 分鐘,30 分鐘,47 分鐘
E34B,元朗,機場(地面運輸中心),空郵中心,2021-03-26 14:02:30,11 分鐘,31 分鐘,49 分鐘
E34B,元朗,機場(地面運輸中心),國泰城,2021-03-26 14:02:32,13 分鐘,33 分鐘,50 分鐘
E34B,元朗,機場(地面運輸中心),暢連路,2021-03-26 14:02:34,15 分鐘,36 分鐘,53 分鐘
E34B,元朗,機場(地面運輸中心),一號客運大樓 (落客站),2021-03-26 14:02:36,18 分鐘,38 分鐘,
E34B,元朗,機場(地面運輸中心),機場(地面運輸中心)巴士總站,2021-03-26 14:02:38,2 分鐘,22 分鐘,42 分鐘
E34B,元朗,機場(地面運輸中心),機場(地面運輸中心)巴士總站,2021-03-26 14:02:40,即將到達,5 分鐘,25 分鐘
E34B,機場(地面運輸中心),元朗,機場(地面運輸中心)總站,2021-03-26 14:02:45,7 分鐘 預定班次,32 分鐘 預定班次,57 分鐘 預定班次
E34B,機場(地面運輸中心),元朗,國泰城,2021-03-26 14:02:47,11 分鐘 預定班次,36 分鐘 預定班次,
E34B,機場(地面運輸中心),元朗,機場警署,2021-03-26 14:02:49,13 分鐘 預定班次,38 分鐘 預定班次,
E34B,機場(地面運輸中心),元朗,駿運南路,2021-03-26 14:02:51,15 分鐘 預定班次,40 分鐘 預定班次,
E34B,機場(地面運輸中心),元朗,機場空運中心,2021-03-26 14:02:53,16 分鐘 預定班次,41 分鐘 預定班次,
E34B,機場(地面運輸中心),元朗,亞洲空運中心,2021-03-26 14:02:55,18 分鐘 預定班次,43 分鐘 預定班次,
E34B,機場(地面運輸中心),元朗,赤角南路,2021-03-26 14:02:57,19 分鐘 預定班次,44 分鐘 預定班次,
E34B,機場(地面運輸中心),元朗,東涌纜車站,2021-03-26 14:02:59,22 分鐘 預定班次,47 分鐘 預定班次,
E34B,機場(地面運輸中心),元朗,富東廣場,2021-03-26 14:03:01,1 分鐘,25 分鐘 預定班次,50 分鐘 預定班次
E34B,機場(地面運輸中心),元朗,裕東苑,2021-03-26 14:03:03,3 分鐘,27 分鐘 預定班次,52 分鐘 預定班次
E34B,機場(地面運輸中心),元朗,青馬收費廣場,2021-03-26 14:03:06,16 分鐘,39 分鐘 預定班次,
E34B,機場(地面運輸中心),元朗,大欖隧道,2021-03-26 14:03:08,3 分鐘,28 分鐘,51 分鐘 預定班次
E34B,機場(地面運輸中心),元朗,形點 I,2021-03-26 14:03:10,14 分鐘,39 分鐘,
E34B,機場(地面運輸中心),元朗,又新街,2021-03-26 14:03:12,即將到達,16 分鐘,41 分鐘
E34B,機場(地面運輸中心),元朗,大棠路,2021-03-26 14:03:14,2 分鐘,18 分鐘,43 分鐘
E34B,機場(地面運輸中心),元朗,康樂路,2021-03-26 14:03:16,3 分鐘,20 分鐘,45 分鐘
E34B,機場(地面運輸中心),元朗,康水樓,2021-03-26 14:03:18,8 分鐘,25 分鐘,50 分鐘
E34B,機場(地面運輸中心),元朗,山水樓,2021-03-26 14:03:20,10 分鐘,26 分鐘,51 分鐘
968,元朗(西),銅鑼灣(天后),元朗（西）總站,2021-03-26 14:03:29,11 分鐘 預定班次,26 分鐘 預定班次,41 分鐘 預定班次
968,元朗(西),銅鑼灣(天后),元朗同樂街,2021-03-26 14:03:31,13 分鐘 預定班次,28 分鐘 預定班次,
968,元朗(西),銅鑼灣(天后),元朗谷亭街,2021-03-26 14:03:33,1 分鐘,16 分鐘 預定班次,31 分鐘 預定班次
968,元朗(西),銅鑼灣(天后),形點 II,2021-03-26 14:03:35,4 分鐘,19 分鐘 預定班次,34 分鐘 預定班次
968,元朗(西),銅鑼灣(天后),形點 I,2021-03-26 14:03:37,6 分鐘,20 分鐘 預定班次,35 分鐘 預定班次
968,元朗(西),銅鑼灣(天后),大欖隧道,2021-03-26 14:03:39,12 分鐘,27 分鐘 預定班次,42 分鐘 預定班次
968,元朗(西),銅鑼灣(天后),大欖隧道,2021-03-26 14:03:42,13 分鐘,27 分鐘 預定班次,42 分鐘 預定班次
968,元朗(西),銅鑼灣(天后),西區海底隧道,2021-03-26 14:03:44,3 分鐘,16 分鐘,31 分鐘
968,元朗(西),銅鑼灣(天后),西消防街,2021-03-26 14:03:46,7 分鐘,21 分鐘,36 分鐘
968,元朗(西),銅鑼灣(天后),港澳碼頭,2021-03-26 14:03:48,11 分鐘,25 分鐘,40 分鐘
968,元朗(西),銅鑼灣(天后),海港政府大樓,2021-03-26 14:03:50,13 分鐘,27 分鐘,42 分鐘
968,元朗(西),銅鑼灣(天后),怡和大廈,2021-03-26 14:03:52,15 分鐘,29 分鐘,44 分鐘
968,元朗(西),銅鑼灣(天后),力寶中心,2021-03-26 14:03:54,17 分鐘,31 分鐘,46 分鐘
968,元朗(西),銅鑼灣(天后),軍器廠街,2021-03-26 14:03:56,19 分鐘,33 分鐘,
968,元朗(西),銅鑼灣(天后),菲林明道,2021-03-26 14:03:58,1 分鐘,21 分鐘,34 分鐘
968,元朗(西),銅鑼灣(天后),史釗域道,2021-03-26 14:04:01,4 分鐘,23 分鐘,37 分鐘
968,元朗(西),銅鑼灣(天后),灣仔消防局,2021-03-26 14:04:03,6 分鐘,26 分鐘,
968,元朗(西),銅鑼灣(天后),怡和街,2021-03-26 14:04:05,1 分鐘,9 分鐘,28 分鐘
968,元朗(西),銅鑼灣(天后),維多利亞公園,2021-03-26 14:04:07,3 分鐘,11 分鐘,30 分鐘
968,元朗(西),銅鑼灣(天后),銅鑼灣天后總站,2021-03-26 14:04:09,4 分鐘,12 分鐘,31 分鐘
968,銅鑼灣(天后),元朗(西),銅鑼灣天后總站,2021-03-26 14:04:13,11 分鐘 預定班次,32 分鐘 預定班次,45 分鐘 預定班次
968,銅鑼灣(天后),元朗(西),中央圖書館,2021-03-26 14:04:15,14 分鐘 預定班次,35 分鐘 預定班次,
968,銅鑼灣(天后),元朗(西),怡和街,2021-03-26 14:04:18,2 分鐘,17 分鐘 預定班次,38 分鐘 預定班次
968,銅鑼灣(天后),元朗(西),天樂里,2021-03-26 14:04:20,5 分鐘,20 分鐘 預定班次,41 分鐘 預定班次
968,銅鑼灣(天后),元朗(西),廣生行大廈,2021-03-26 14:04:22,8 分鐘,22 分鐘 預定班次,43 分鐘 預定班次
968,銅鑼灣(天后),元朗(西),菲林明道,2021-03-26 14:04:24,9 分鐘,24 分鐘 預定班次,45 分鐘 預定班次
968,銅鑼灣(天后),元朗(西),盧押道,2021-03-26 14:04:26,11 分鐘,25 分鐘 預定班次,46 分鐘 預定班次
968,銅鑼灣(天后),元朗(西),太古廣場,2021-03-26 14:04:28,14 分鐘,28 分鐘 預定班次,
968,銅鑼灣(天后),元朗(西),豐總行,2021-03-26 14:04:30,1 分鐘,16 分鐘,30 分鐘 預定班次
968,銅鑼灣(天后),元朗(西),永吉街,2021-03-26 14:04:32,5 分鐘,20 分鐘,34 分鐘 預定班次
968,銅鑼灣(天后),元朗(西),皇后街,2021-03-26 14:04:34,11 分鐘,26 分鐘,40 分鐘 預定班次
968,銅鑼灣(天后),元朗(西),西區海底隧道,2021-03-26 14:04:37,即將到達,15 分鐘,30 分鐘
968,銅鑼灣(天后),元朗(西),大欖隧道,2021-03-26 14:04:39,4 分鐘,19 分鐘,34 分鐘
968,銅鑼灣(天后),元朗(西),大欖隧道,2021-03-26 14:04:41,5 分鐘,19 分鐘,35 分鐘
968,銅鑼灣(天后),元朗(西),形點 I,2021-03-26 14:04:43,4 分鐘,15 分鐘,30 分鐘
968,銅鑼灣(天后),元朗(西),元朗又新街,2021-03-26 14:04:45,6 分鐘,17 分鐘,
968,銅鑼灣(天后),元朗(西),元朗大棠路,2021-03-26 14:04:47,即將到達,8 分鐘,19 分鐘
968,銅鑼灣(天后),元朗(西),元朗（西）總站,2021-03-26 14:04:49,4 分鐘 行車緩慢,11 分鐘,22 分鐘
