Route,Origin,Destination,Stop_Name,Scraping Time,ETA1,ETA2,ETA3
269D,天富,瀝源,天富總站,2021-03-27 08:00:17,即將到達,12 分鐘 預定班次,24 分鐘 預定班次
269D,天富,瀝源,天晴晴彩樓,2021-03-27 08:00:19,2 分鐘 預定班次,14 分鐘 預定班次,26 分鐘 預定班次
269D,天富,瀝源,天晴晴雲樓,2021-03-27 08:00:21,3 分鐘 預定班次,15 分鐘 預定班次,27 分鐘 預定班次
269D,天富,瀝源,天富苑能富閣,2021-03-27 08:00:24,4 分鐘 預定班次,16 分鐘 預定班次,28 分鐘 預定班次
269D,天富,瀝源,天富苑欣富閣,2021-03-27 08:00:26,7 分鐘 預定班次,19 分鐘 預定班次,
269D,天富,瀝源,天頌苑,2021-03-27 08:00:28,1 分鐘,9 分鐘 預定班次,21 分鐘 預定班次
269D,天富,瀝源,天瑞,2021-03-27 08:00:30,4 分鐘,12 分鐘 預定班次,24 分鐘 預定班次
269D,天富,瀝源,天水圍公園,2021-03-27 08:00:32,5 分鐘,13 分鐘 預定班次,
269D,天富,瀝源,天耀耀盛樓,2021-03-27 08:00:34,8 分鐘,15 分鐘 預定班次,
269D,天富,瀝源,天耀耀民樓,2021-03-27 08:00:36,1 分鐘,10 分鐘,17 分鐘 預定班次
269D,天富,瀝源,天祐苑,2021-03-27 08:00:38,3 分鐘,12 分鐘,20 分鐘 預定班次
269D,天富,瀝源,鳳池村,2021-03-27 08:00:41,1 分鐘,8 分鐘,17 分鐘
269D,天富,瀝源,山水樓,2021-03-27 08:00:43,4 分鐘,11 分鐘,20 分鐘
269D,天富,瀝源,水邊圍,2021-03-27 08:00:45,6 分鐘,13 分鐘,22 分鐘
269D,天富,瀝源,元朗喜利徑,2021-03-27 08:00:47,9 分鐘,16 分鐘,25 分鐘
269D,天富,瀝源,元朗谷亭街,2021-03-27 08:00:49,11 分鐘,18 分鐘,27 分鐘
269D,天富,瀝源,形點 II,2021-03-27 08:00:51,15 分鐘,22 分鐘,31 分鐘
269D,天富,瀝源,形點 I,2021-03-27 08:00:53,16 分鐘,23 分鐘,
269D,天富,瀝源,大欖隧道,2021-03-27 08:00:55,6 分鐘,23 分鐘,30 分鐘
269D,天富,瀝源,大欖隧道,2021-03-27 08:00:57,6 分鐘,23 分鐘,31 分鐘
269D,天富,瀝源,城門隧道轉車站,2021-03-27 08:01:00,6 分鐘,11 分鐘,
269D,天富,瀝源,城門隧道轉車站,2021-03-27 08:01:02,6 分鐘,12 分鐘,
269D,天富,瀝源,沙田市中心總站,2021-03-27 08:01:04,10 分鐘,17 分鐘,23 分鐘
269D,天富,瀝源,祿泉樓,2021-03-27 08:01:06,14 分鐘,21 分鐘,
269D,天富,瀝源,瀝源巴士總站,2021-03-27 08:01:08,1 分鐘,16 分鐘,23 分鐘
269D,瀝源,天富,瀝源巴士總站,2021-03-27 08:01:12,11 分鐘 預定班次,23 分鐘 預定班次,
269D,瀝源,天富,瀝源,2021-03-27 08:01:14,即將到達,13 分鐘 預定班次,25 分鐘 預定班次
269D,瀝源,天富,沙田市中心總站,2021-03-27 08:01:16,6 分鐘,19 分鐘 預定班次,31 分鐘 預定班次
269D,瀝源,天富,城門隧道轉車站,2021-03-27 08:01:19,1 分鐘,17 分鐘,30 分鐘 預定班次
269D,瀝源,天富,城門隧道轉車站,2021-03-27 08:01:21,1 分鐘,18 分鐘,30 分鐘 預定班次
269D,瀝源,天富,大欖隧道,2021-03-27 08:01:23,9 分鐘,15 分鐘,31 分鐘
269D,瀝源,天富,大欖隧道,2021-03-27 08:01:25,9 分鐘,16 分鐘,32 分鐘
269D,瀝源,天富,形點 I,2021-03-27 08:01:27,4 分鐘,17 分鐘,24 分鐘
269D,瀝源,天富,元朗又新街,2021-03-27 08:01:29,6 分鐘,18 分鐘,25 分鐘
269D,瀝源,天富,元朗大棠路,2021-03-27 08:01:31,7 分鐘,20 分鐘,27 分鐘
269D,瀝源,天富,元朗康樂路,2021-03-27 08:01:33,9 分鐘,22 分鐘,29 分鐘
269D,瀝源,天富,元朗警署,2021-03-27 08:01:36,10 分鐘,23 分鐘,30 分鐘
269D,瀝源,天富,水邊村,2021-03-27 08:01:38,12 分鐘,25 分鐘,32 分鐘
269D,瀝源,天富,元朗公園,2021-03-27 08:01:40,13 分鐘,25 分鐘,32 分鐘
269D,瀝源,天富,聚星樓,2021-03-27 08:01:42,19 分鐘,32 分鐘,
269D,瀝源,天富,天盛苑,2021-03-27 08:01:44,1 分鐘,22 分鐘,35 分鐘
269D,瀝源,天富,賞湖居,2021-03-27 08:01:46,4 分鐘,25 分鐘,37 分鐘
269D,瀝源,天富,天水圍公園,2021-03-27 08:01:48,6 分鐘,27 分鐘,40 分鐘
269D,瀝源,天富,天瑞,2021-03-27 08:01:50,7 分鐘,28 分鐘,40 分鐘
269D,瀝源,天富,天華,2021-03-27 08:01:52,9 分鐘,30 分鐘,43 分鐘
269D,瀝源,天富,天富總站,2021-03-27 08:01:55,11 分鐘,32 分鐘,45 分鐘
E34B,元朗,機場(地面運輸中心),山水樓,2021-03-27 08:02:03,6 分鐘 預定班次,18 分鐘 預定班次,33 分鐘 預定班次
E34B,元朗,機場(地面運輸中心),水邊圍,2021-03-27 08:02:05,8 分鐘 預定班次,20 分鐘 預定班次,35 分鐘 預定班次
E34B,元朗,機場(地面運輸中心),元朗廣場,2021-03-27 08:02:07,10 分鐘 預定班次,22 分鐘 預定班次,37 分鐘 預定班次
E34B,元朗,機場(地面運輸中心),同樂街,2021-03-27 08:02:09,12 分鐘 預定班次,24 分鐘 預定班次,
E34B,元朗,機場(地面運輸中心),谷亭街,2021-03-27 08:02:11,1 分鐘,14 分鐘 預定班次,26 分鐘 預定班次
E34B,元朗,機場(地面運輸中心),形點 II,2021-03-27 08:02:14,4 分鐘,17 分鐘 預定班次,29 分鐘 預定班次
E34B,元朗,機場(地面運輸中心),形點 I,2021-03-27 08:02:16,6 分鐘,19 分鐘 預定班次,31 分鐘 預定班次
E34B,元朗,機場(地面運輸中心),大欖隧道,2021-03-27 08:02:18,3 分鐘,13 分鐘,26 分鐘 預定班次
E34B,元朗,機場(地面運輸中心),青馬收費廣場,2021-03-27 08:02:20,16 分鐘,26 分鐘,
E34B,元朗,機場(地面運輸中心),東涌消防局,2021-03-27 08:02:22,1 分鐘,10 分鐘,28 分鐘
E34B,元朗,機場(地面運輸中心),東堤灣畔,2021-03-27 08:02:24,3 分鐘,12 分鐘,29 分鐘
E34B,元朗,機場(地面運輸中心),赤角南路,2021-03-27 08:02:26,6 分鐘,15 分鐘,32 分鐘
E34B,元朗,機場(地面運輸中心),駿運北路,2021-03-27 08:02:28,8 分鐘,17 分鐘,34 分鐘
E34B,元朗,機場(地面運輸中心),香港空運貨站,2021-03-27 08:02:31,10 分鐘,19 分鐘,36 分鐘
E34B,元朗,機場(地面運輸中心),空郵中心,2021-03-27 08:02:33,11 分鐘,20 分鐘,
E34B,元朗,機場(地面運輸中心),國泰城,2021-03-27 08:02:35,即將到達,13 分鐘,22 分鐘
E34B,元朗,機場(地面運輸中心),暢連路,2021-03-27 08:02:37,3 分鐘,16 分鐘,25 分鐘
E34B,元朗,機場(地面運輸中心),一號客運大樓 (落客站),2021-03-27 08:02:39,6 分鐘,18 分鐘,27 分鐘
E34B,元朗,機場(地面運輸中心),機場(地面運輸中心)巴士總站,2021-03-27 08:02:41,10 分鐘,22 分鐘,31 分鐘
E34B,元朗,機場(地面運輸中心),機場(地面運輸中心)巴士總站,2021-03-27 08:02:43,14 分鐘,,
E34B,機場(地面運輸中心),元朗,機場(地面運輸中心)總站,2021-03-27 08:02:48,17 分鐘 預定班次,37 分鐘 預定班次,57 分鐘 預定班次
E34B,機場(地面運輸中心),元朗,國泰城,2021-03-27 08:02:50,即將到達,21 分鐘 預定班次,41 分鐘 預定班次
E34B,機場(地面運輸中心),元朗,機場警署,2021-03-27 08:02:52,3 分鐘,23 分鐘 預定班次,43 分鐘 預定班次
E34B,機場(地面運輸中心),元朗,駿運南路,2021-03-27 08:02:54,5 分鐘,25 分鐘 預定班次,45 分鐘 預定班次
E34B,機場(地面運輸中心),元朗,機場空運中心,2021-03-27 08:02:56,6 分鐘,26 分鐘 預定班次,46 分鐘 預定班次
E34B,機場(地面運輸中心),元朗,亞洲空運中心,2021-03-27 08:02:58,8 分鐘,29 分鐘 預定班次,49 分鐘 預定班次
E34B,機場(地面運輸中心),元朗,赤角南路,2021-03-27 08:03:00,即將到達,10 分鐘,31 分鐘 預定班次
E34B,機場(地面運輸中心),元朗,東涌纜車站,2021-03-27 08:03:02,3 分鐘,13 分鐘,34 分鐘 預定班次
E34B,機場(地面運輸中心),元朗,富東廣場,2021-03-27 08:03:04,5 分鐘,16 分鐘,
E34B,機場(地面運輸中心),元朗,裕東苑,2021-03-27 08:03:07,1 分鐘,7 分鐘,18 分鐘
E34B,機場(地面運輸中心),元朗,青馬收費廣場,2021-03-27 08:03:09,13 分鐘,19 分鐘,30 分鐘
E34B,機場(地面運輸中心),元朗,大欖隧道,2021-03-27 08:03:11,1 分鐘,25 分鐘,32 分鐘
E34B,機場(地面運輸中心),元朗,形點 I,2021-03-27 08:03:13,10 分鐘,34 分鐘,40 分鐘
E34B,機場(地面運輸中心),元朗,又新街,2021-03-27 08:03:15,12 分鐘,36 分鐘,42 分鐘
E34B,機場(地面運輸中心),元朗,大棠路,2021-03-27 08:03:17,14 分鐘,38 分鐘,44 分鐘
E34B,機場(地面運輸中心),元朗,康樂路,2021-03-27 08:03:19,16 分鐘,40 分鐘,46 分鐘
E34B,機場(地面運輸中心),元朗,康水樓,2021-03-27 08:03:21,20 分鐘,44 分鐘,
E34B,機場(地面運輸中心),元朗,山水樓,2021-03-27 08:03:24,20 分鐘,44 分鐘,
968,元朗(西),銅鑼灣(天后),元朗（西）總站,2021-03-27 08:03:32,1 分鐘 預定班次,11 分鐘 預定班次,18 分鐘 預定班次
968,元朗(西),銅鑼灣(天后),元朗同樂街,2021-03-27 08:03:34,3 分鐘 預定班次,13 分鐘 預定班次,20 分鐘 預定班次
968,元朗(西),銅鑼灣(天后),元朗谷亭街,2021-03-27 08:03:36,5 分鐘 預定班次,15 分鐘 預定班次,22 分鐘 預定班次
968,元朗(西),銅鑼灣(天后),形點 II,2021-03-27 08:03:38,即將到達,8 分鐘 預定班次,18 分鐘 預定班次
968,元朗(西),銅鑼灣(天后),形點 I,2021-03-27 08:03:40,1 分鐘 預定班次,10 分鐘 預定班次,20 分鐘 預定班次
968,元朗(西),銅鑼灣(天后),大欖隧道,2021-03-27 08:03:43,2 分鐘,5 分鐘,8 分鐘 預定班次
968,元朗(西),銅鑼灣(天后),大欖隧道,2021-03-27 08:03:45,3 分鐘,6 分鐘,9 分鐘 預定班次
968,元朗(西),銅鑼灣(天后),西區海底隧道,2021-03-27 08:03:47,1 分鐘,2 分鐘,6 分鐘
968,元朗(西),銅鑼灣(天后),西消防街,2021-03-27 08:03:49,7 分鐘,7 分鐘,11 分鐘
968,元朗(西),銅鑼灣(天后),港澳碼頭,2021-03-27 08:03:51,1 分鐘,11 分鐘,11 分鐘
968,元朗(西),銅鑼灣(天后),海港政府大樓,2021-03-27 08:03:53,2 分鐘,12 分鐘,12 分鐘
968,元朗(西),銅鑼灣(天后),怡和大廈,2021-03-27 08:03:55,4 分鐘,14 分鐘,14 分鐘
968,元朗(西),銅鑼灣(天后),力寶中心,2021-03-27 08:03:57,6 分鐘,17 分鐘,
968,元朗(西),銅鑼灣(天后),軍器廠街,2021-03-27 08:03:59,1 分鐘,8 分鐘,
968,元朗(西),銅鑼灣(天后),菲林明道,2021-03-27 08:04:02,1 分鐘,3 分鐘,10 分鐘
968,元朗(西),銅鑼灣(天后),史釗域道,2021-03-27 08:04:04,4 分鐘,6 分鐘,13 分鐘
968,元朗(西),銅鑼灣(天后),灣仔消防局,2021-03-27 08:04:06,6 分鐘,9 分鐘,15 分鐘
968,元朗(西),銅鑼灣(天后),怡和街,2021-03-27 08:04:08,即將到達,8 分鐘,11 分鐘
968,元朗(西),銅鑼灣(天后),維多利亞公園,2021-03-27 08:04:10,2 分鐘,10 分鐘,12 分鐘
968,元朗(西),銅鑼灣(天后),銅鑼灣天后總站,2021-03-27 08:04:12,3 分鐘,11 分鐘,13 分鐘
968,銅鑼灣(天后),元朗(西),銅鑼灣天后總站,2021-03-27 08:04:16,11 分鐘 預定班次,26 分鐘 預定班次,41 分鐘 預定班次
968,銅鑼灣(天后),元朗(西),中央圖書館,2021-03-27 08:04:19,13 分鐘 預定班次,28 分鐘 預定班次,
968,銅鑼灣(天后),元朗(西),怡和街,2021-03-27 08:04:21,2 分鐘,16 分鐘 預定班次,31 分鐘 預定班次
968,銅鑼灣(天后),元朗(西),天樂里,2021-03-27 08:04:23,4 分鐘,18 分鐘 預定班次,33 分鐘 預定班次
968,銅鑼灣(天后),元朗(西),廣生行大廈,2021-03-27 08:04:25,6 分鐘,20 分鐘 預定班次,35 分鐘 預定班次
968,銅鑼灣(天后),元朗(西),菲林明道,2021-03-27 08:04:27,7 分鐘,22 分鐘 預定班次,37 分鐘 預定班次
968,銅鑼灣(天后),元朗(西),盧押道,2021-03-27 08:04:29,9 分鐘,23 分鐘 預定班次,38 分鐘 預定班次
968,銅鑼灣(天后),元朗(西),太古廣場,2021-03-27 08:04:31,11 分鐘,25 分鐘 預定班次,40 分鐘 預定班次
968,銅鑼灣(天后),元朗(西),豐總行,2021-03-27 08:04:33,13 分鐘,27 分鐘 預定班次,42 分鐘 預定班次
968,銅鑼灣(天后),元朗(西),永吉街,2021-03-27 08:04:35,17 分鐘,31 分鐘 預定班次,
968,銅鑼灣(天后),元朗(西),皇后街,2021-03-27 08:04:38,4 分鐘,22 分鐘,36 分鐘 預定班次
968,銅鑼灣(天后),元朗(西),西區海底隧道,2021-03-27 08:04:40,9 分鐘,27 分鐘,41 分鐘 預定班次
968,銅鑼灣(天后),元朗(西),大欖隧道,2021-03-27 08:04:42,即將到達,14 分鐘,28 分鐘
968,銅鑼灣(天后),元朗(西),大欖隧道,2021-03-27 08:04:44,1 分鐘,14 分鐘,28 分鐘
968,銅鑼灣(天后),元朗(西),形點 I,2021-03-27 08:04:46,9 分鐘,22 分鐘,37 分鐘
968,銅鑼灣(天后),元朗(西),元朗又新街,2021-03-27 08:04:48,11 分鐘,24 分鐘,38 分鐘
968,銅鑼灣(天后),元朗(西),元朗大棠路,2021-03-27 08:04:50,12 分鐘,26 分鐘,40 分鐘
968,銅鑼灣(天后),元朗(西),元朗（西）總站,2021-03-27 08:04:52,16 分鐘,29 分鐘,44 分鐘
