Step,Substep,Substep_seq,Lat,Long,Instruction,Travel_Mode,Size,Trip_seq,Remark
1,1,1,22.33909,114.26169,Head  northwest  on  University Rd ,DRIVING,10,1,Origin
1,1,2,22.33927,114.26136,,DRIVING,1,2,
1,1,3,22.33945,114.26094,,DRIVING,1,3,
1,1,4,22.33948,114.26087,,DRIVING,1,4,
1,1,5,22.33948,114.26085,,DRIVING,1,5,
1,1,6,22.33953,114.26068,,DRIVING,1,6,
1,1,7,22.33957,114.26053,,DRIVING,1,7,
1,1,8,22.33964,114.26012,,DRIVING,1,8,
1,1,9,22.33968,114.2598,,DRIVING,1,9,
1,1,10,22.33969,114.2597,,DRIVING,1,10,
1,1,11,22.33967,114.25963,,DRIVING,1,11,
1,1,12,22.33964,114.25954,,DRIVING,1,12,
1,1,13,22.33954,114.25935,,DRIVING,1,13,
2,1,1,22.33954,114.25935,"At the roundabout, take the  2nd  exit onto  Clear Water Bay Rd ",DRIVING,5,14,
2,1,2,22.33952,114.25935,,DRIVING,1,15,
2,1,3,22.33949,114.25935,,DRIVING,1,16,
2,1,4,22.33947,114.25934,,DRIVING,1,17,
2,1,5,22.33946,114.25933,,DRIVING,1,18,
2,1,6,22.33944,114.25932,,DRIVING,1,19,
2,1,7,22.33942,114.25931,,DRIVING,1,20,
2,1,8,22.3394,114.2593,,DRIVING,1,21,
2,1,9,22.33939,114.25928,,DRIVING,1,22,
2,1,10,22.33937,114.25927,,DRIVING,1,23,
2,1,11,22.33936,114.25925,,DRIVING,1,24,
2,1,12,22.33935,114.25923,,DRIVING,1,25,
2,1,13,22.33934,114.25921,,DRIVING,1,26,
2,1,14,22.33933,114.25916,,DRIVING,1,27,
2,1,15,22.33932,114.25913,,DRIVING,1,28,
2,1,16,22.33932,114.25911,,DRIVING,1,29,
2,1,17,22.33932,114.25909,,DRIVING,1,30,
2,1,18,22.33933,114.25905,,DRIVING,1,31,
2,1,19,22.33934,114.25902,,DRIVING,1,32,
2,1,20,22.33935,114.259,,DRIVING,1,33,
2,1,21,22.33936,114.25898,,DRIVING,1,34,
2,1,22,22.33937,114.25896,,DRIVING,1,35,
2,1,23,22.33939,114.25894,,DRIVING,1,36,
2,1,24,22.33941,114.25893,,DRIVING,1,37,
2,1,25,22.33942,114.25892,,DRIVING,1,38,
2,1,26,22.33944,114.25891,,DRIVING,1,39,
2,1,27,22.33947,114.25889,,DRIVING,1,40,
2,1,28,22.33949,114.25889,,DRIVING,1,41,
2,1,29,22.33951,114.25888,,DRIVING,1,42,
2,1,30,22.33953,114.25888,,DRIVING,1,43,
2,1,31,22.33955,114.25888,,DRIVING,1,44,
2,1,32,22.33957,114.25888,,DRIVING,1,45,
2,1,33,22.33959,114.25889,,DRIVING,1,46,
2,1,34,22.33961,114.2589,,DRIVING,1,47,
2,1,35,22.33963,114.25891,,DRIVING,1,48,
2,1,36,22.33965,114.25892,,DRIVING,1,49,
2,1,37,22.33968,114.25895,,DRIVING,1,50,
2,1,38,22.33999,114.25874,,DRIVING,1,51,
2,1,39,22.34006,114.25869,,DRIVING,1,52,
2,1,40,22.34023,114.25857,,DRIVING,1,53,
2,1,41,22.34029,114.25852,,DRIVING,1,54,
2,1,42,22.3404,114.25843,,DRIVING,1,55,
2,1,43,22.34066,114.25806,,DRIVING,1,56,
2,1,44,22.34077,114.2579,,DRIVING,1,57,
2,1,45,22.34078,114.25788,,DRIVING,1,58,
2,1,46,22.34088,114.25773,,DRIVING,1,59,
2,1,47,22.34089,114.25772,,DRIVING,1,60,
2,1,48,22.34099,114.25757,,DRIVING,1,61,
2,1,49,22.34105,114.25749,,DRIVING,1,62,
2,1,50,22.34112,114.25742,,DRIVING,1,63,
2,1,51,22.34124,114.25727,,DRIVING,1,64,
2,1,52,22.34154,114.25693,,DRIVING,1,65,
2,1,53,22.34178,114.25664,,DRIVING,1,66,
2,1,54,22.34214,114.25622,,DRIVING,1,67,
2,1,55,22.34215,114.25622,,DRIVING,1,68,
2,1,56,22.34234,114.25601,,DRIVING,1,69,
2,1,57,22.34238,114.25596,,DRIVING,1,70,
2,1,58,22.34239,114.25595,,DRIVING,1,71,
2,1,59,22.34254,114.25583,,DRIVING,1,72,
2,1,60,22.34256,114.25581,,DRIVING,1,73,
2,1,61,22.3427,114.25568,,DRIVING,1,74,
2,1,62,22.34289,114.25553,,DRIVING,1,75,
2,1,63,22.34298,114.25545,,DRIVING,1,76,
2,1,64,22.34298,114.25544,,DRIVING,1,77,
2,1,65,22.34299,114.25543,,DRIVING,1,78,
2,1,66,22.34302,114.2554,,DRIVING,1,79,
2,1,67,22.34303,114.25538,,DRIVING,1,80,
2,1,68,22.34304,114.25536,,DRIVING,1,81,
2,1,69,22.34305,114.25535,,DRIVING,1,82,
2,1,70,22.34306,114.25533,,DRIVING,1,83,
2,1,71,22.34307,114.2553,,DRIVING,1,84,
2,1,72,22.34308,114.25529,,DRIVING,1,85,
2,1,73,22.3431,114.25525,,DRIVING,1,86,
2,1,74,22.34316,114.25513,,DRIVING,1,87,
2,1,75,22.34318,114.25508,,DRIVING,1,88,
2,1,76,22.34332,114.25479,,DRIVING,1,89,
2,1,77,22.34336,114.2547,,DRIVING,1,90,
2,1,78,22.3434,114.25461,,DRIVING,1,91,
2,1,79,22.34347,114.25443,,DRIVING,1,92,
2,1,80,22.34355,114.25426,,DRIVING,1,93,
2,1,81,22.34385,114.25355,,DRIVING,1,94,
2,1,82,22.344,114.25319,,DRIVING,1,95,
2,1,83,22.34407,114.25298,,DRIVING,1,96,
2,1,84,22.34407,114.25295,,DRIVING,1,97,
2,1,85,22.34408,114.25292,,DRIVING,1,98,
2,1,86,22.34408,114.25288,,DRIVING,1,99,
2,1,87,22.34408,114.25284,,DRIVING,1,100,
2,1,88,22.34407,114.25281,,DRIVING,1,101,
2,1,89,22.34407,114.25276,,DRIVING,1,102,
2,1,90,22.34406,114.25273,,DRIVING,1,103,
2,1,91,22.34405,114.25268,,DRIVING,1,104,
2,1,92,22.34403,114.25263,,DRIVING,1,105,
2,1,93,22.34401,114.25258,,DRIVING,1,106,
2,1,94,22.34397,114.25254,,DRIVING,1,107,
2,1,95,22.3438,114.25239,,DRIVING,1,108,
2,1,96,22.3437,114.25232,,DRIVING,1,109,
2,1,97,22.34358,114.25223,,DRIVING,1,110,
2,1,98,22.34356,114.2522,,DRIVING,1,111,
2,1,99,22.34353,114.25216,,DRIVING,1,112,
2,1,100,22.34352,114.25213,,DRIVING,1,113,
2,1,101,22.3435,114.2521,,DRIVING,1,114,
2,1,102,22.34348,114.25206,,DRIVING,1,115,
2,1,103,22.34336,114.25172,,DRIVING,1,116,
2,1,104,22.34335,114.25167,,DRIVING,1,117,
2,1,105,22.34332,114.25157,,DRIVING,1,118,
2,1,106,22.34322,114.25124,,DRIVING,1,119,
2,1,107,22.34319,114.25109,,DRIVING,1,120,
2,1,108,22.34319,114.25106,,DRIVING,1,121,
2,1,109,22.34319,114.25104,,DRIVING,1,122,
2,1,110,22.34319,114.25102,,DRIVING,1,123,
2,1,111,22.34319,114.25101,,DRIVING,1,124,
2,1,112,22.3432,114.25099,,DRIVING,1,125,
2,1,113,22.34321,114.25095,,DRIVING,1,126,
2,1,114,22.34322,114.25094,,DRIVING,1,127,
2,1,115,22.3433,114.25075,,DRIVING,1,128,
2,1,116,22.34332,114.2507,,DRIVING,1,129,
2,1,117,22.34333,114.25067,,DRIVING,1,130,
2,1,118,22.34334,114.25063,,DRIVING,1,131,
2,1,119,22.34334,114.2506,,DRIVING,1,132,
2,1,120,22.34335,114.25055,,DRIVING,1,133,
2,1,121,22.34335,114.2505,,DRIVING,1,134,
2,1,122,22.34335,114.25046,,DRIVING,1,135,
2,1,123,22.34335,114.25041,,DRIVING,1,136,
2,1,124,22.34335,114.25035,,DRIVING,1,137,
2,1,125,22.34335,114.25031,,DRIVING,1,138,
2,1,126,22.34334,114.2503,,DRIVING,1,139,
2,1,127,22.34334,114.25024,,DRIVING,1,140,
2,1,128,22.34333,114.25019,,DRIVING,1,141,
2,1,129,22.34333,114.25014,,DRIVING,1,142,
2,1,130,22.34332,114.25009,,DRIVING,1,143,
2,1,131,22.34332,114.25003,,DRIVING,1,144,
2,1,132,22.3433,114.24995,,DRIVING,1,145,
2,1,133,22.34328,114.24986,,DRIVING,1,146,
2,1,134,22.34326,114.24975,,DRIVING,1,147,
2,1,135,22.3432,114.24955,,DRIVING,1,148,
2,1,136,22.34318,114.24951,,DRIVING,1,149,
2,1,137,22.34316,114.24947,,DRIVING,1,150,
2,1,138,22.34314,114.2494,,DRIVING,1,151,
2,1,139,22.3431,114.24933,,DRIVING,1,152,
2,1,140,22.3431,114.24931,,DRIVING,1,153,
2,1,141,22.34306,114.24924,,DRIVING,1,154,
2,1,142,22.34302,114.24916,,DRIVING,1,155,
2,1,143,22.34301,114.24916,,DRIVING,1,156,
2,1,144,22.34299,114.24912,,DRIVING,1,157,
2,1,145,22.34291,114.24903,,DRIVING,1,158,
2,1,146,22.34276,114.24889,,DRIVING,1,159,
2,1,147,22.34271,114.24885,,DRIVING,1,160,
2,1,148,22.3426,114.24876,,DRIVING,1,161,
2,1,149,22.34237,114.24865,,DRIVING,1,162,
2,1,150,22.34201,114.24853,,DRIVING,1,163,
2,1,151,22.34182,114.24846,,DRIVING,1,164,
2,1,152,22.34147,114.24834,,DRIVING,1,165,
2,1,153,22.34133,114.24829,,DRIVING,1,166,
2,1,154,22.34132,114.24828,,DRIVING,1,167,
2,1,155,22.34121,114.24823,,DRIVING,1,168,
2,1,156,22.34114,114.2482,,DRIVING,1,169,
2,1,157,22.34101,114.24813,,DRIVING,1,170,
2,1,158,22.34094,114.24807,,DRIVING,1,171,
2,1,159,22.34084,114.24799,,DRIVING,1,172,
2,1,160,22.34076,114.24792,,DRIVING,1,173,
2,1,161,22.34046,114.24758,,DRIVING,1,174,
2,1,162,22.34032,114.24742,,DRIVING,1,175,
2,1,163,22.34014,114.24722,,DRIVING,1,176,
2,1,164,22.33961,114.24657,,DRIVING,1,177,
2,1,165,22.33937,114.24628,,DRIVING,1,178,
2,1,166,22.33916,114.24601,,DRIVING,1,179,
2,1,167,22.3385,114.24521,,DRIVING,1,180,
2,1,168,22.33835,114.24499,,DRIVING,1,181,
2,1,169,22.33832,114.24493,,DRIVING,1,182,
2,1,170,22.33831,114.24491,,DRIVING,1,183,
2,1,171,22.3383,114.24488,,DRIVING,1,184,
2,1,172,22.33829,114.24484,,DRIVING,1,185,
2,1,173,22.33824,114.24467,,DRIVING,1,186,
2,1,174,22.33824,114.24464,,DRIVING,1,187,
2,1,175,22.33821,114.24452,,DRIVING,1,188,
2,1,176,22.33821,114.24448,,DRIVING,1,189,
2,1,177,22.33818,114.24429,,DRIVING,1,190,
2,1,178,22.33817,114.24421,,DRIVING,1,191,
2,1,179,22.33816,114.24411,,DRIVING,1,192,
2,1,180,22.33814,114.24401,,DRIVING,1,193,
2,1,181,22.33812,114.24394,,DRIVING,1,194,
2,1,182,22.33811,114.24391,,DRIVING,1,195,
2,1,183,22.33809,114.24387,,DRIVING,1,196,
2,1,184,22.33805,114.24377,,DRIVING,1,197,
2,1,185,22.33802,114.24373,,DRIVING,1,198,
2,1,186,22.33799,114.24367,,DRIVING,1,199,
2,1,187,22.33796,114.24364,,DRIVING,1,200,
2,1,188,22.33789,114.24355,,DRIVING,1,201,
2,1,189,22.3375,114.24322,,DRIVING,1,202,
2,1,190,22.33749,114.24321,,DRIVING,1,203,
2,1,191,22.33735,114.2431,,DRIVING,1,204,
2,1,192,22.3372,114.24298,,DRIVING,1,205,
2,1,193,22.33691,114.24275,,DRIVING,1,206,
2,1,194,22.33682,114.24268,,DRIVING,1,207,
2,1,195,22.33668,114.24257,,DRIVING,1,208,
2,1,196,22.33667,114.24256,,DRIVING,1,209,
2,1,197,22.33661,114.24251,,DRIVING,1,210,
2,1,198,22.33655,114.24246,,DRIVING,1,211,
2,1,199,22.3364,114.24235,,DRIVING,1,212,
2,1,200,22.33632,114.24228,,DRIVING,1,213,
2,1,201,22.33626,114.24224,,DRIVING,1,214,
2,1,202,22.33611,114.24212,,DRIVING,1,215,
2,1,203,22.33602,114.24205,,DRIVING,1,216,
2,1,204,22.3358,114.24187,,DRIVING,1,217,
2,1,205,22.33573,114.24181,,DRIVING,1,218,
2,1,206,22.3356,114.24171,,DRIVING,1,219,
2,1,207,22.33557,114.24168,,DRIVING,1,220,
2,1,208,22.33537,114.2415,,DRIVING,1,221,
2,1,209,22.33523,114.24136,,DRIVING,1,222,
2,1,210,22.33521,114.24134,,DRIVING,1,223,
2,1,211,22.33506,114.24114,,DRIVING,1,224,
2,1,212,22.33505,114.24112,,DRIVING,1,225,
2,1,213,22.33503,114.24109,,DRIVING,1,226,
2,1,214,22.33498,114.24101,,DRIVING,1,227,
2,1,215,22.33497,114.241,,DRIVING,1,228,
2,1,216,22.33492,114.24089,,DRIVING,1,229,
2,1,217,22.33489,114.24083,,DRIVING,1,230,
2,1,218,22.33489,114.24082,,DRIVING,1,231,
2,1,219,22.33475,114.24041,,DRIVING,1,232,
2,1,220,22.33465,114.23983,,DRIVING,1,233,
2,1,221,22.33453,114.23919,,DRIVING,1,234,
2,1,222,22.33452,114.23912,,DRIVING,1,235,
2,1,223,22.3345,114.23903,,DRIVING,1,236,
2,1,224,22.33449,114.239,,DRIVING,1,237,
2,1,225,22.33446,114.2389,,DRIVING,1,238,
2,1,226,22.33444,114.23884,,DRIVING,1,239,
2,1,227,22.33439,114.2387,,DRIVING,1,240,
2,1,228,22.3343,114.23844,,DRIVING,1,241,
2,1,229,22.33425,114.23833,,DRIVING,1,242,
2,1,230,22.33417,114.23812,,DRIVING,1,243,
2,1,231,22.3341,114.23792,,DRIVING,1,244,
2,1,232,22.33409,114.23788,,DRIVING,1,245,
2,1,233,22.33401,114.23765,,DRIVING,1,246,
2,1,234,22.33397,114.23753,,DRIVING,1,247,
2,1,235,22.33384,114.2372,,DRIVING,1,248,
2,1,236,22.33379,114.23707,,DRIVING,1,249,
2,1,237,22.33352,114.23637,,DRIVING,1,250,
2,1,238,22.33346,114.23618,,DRIVING,1,251,
2,1,239,22.33343,114.2361,,DRIVING,1,252,
2,1,240,22.33336,114.23582,,DRIVING,1,253,
2,1,241,22.33326,114.23526,,DRIVING,1,254,
2,1,242,22.3332,114.23488,,DRIVING,1,255,
2,1,243,22.33317,114.23468,,DRIVING,1,256,
2,1,244,22.33315,114.23438,,DRIVING,1,257,
2,1,245,22.33316,114.23415,,DRIVING,1,258,
2,1,246,22.33318,114.234,,DRIVING,1,259,
2,1,247,22.33322,114.23381,,DRIVING,1,260,
2,1,248,22.33328,114.23367,,DRIVING,1,261,
2,1,249,22.33338,114.23345,,DRIVING,1,262,
2,1,250,22.33343,114.23334,,DRIVING,1,263,
2,1,251,22.33345,114.23331,,DRIVING,1,264,
2,1,252,22.33371,114.23285,,DRIVING,1,265,
2,1,253,22.33379,114.23267,,DRIVING,1,266,
2,1,254,22.33387,114.23249,,DRIVING,1,267,
2,1,255,22.33398,114.23223,,DRIVING,1,268,
2,1,256,22.33441,114.23085,,DRIVING,1,269,
2,1,257,22.33447,114.23066,,DRIVING,1,270,
2,1,258,22.33452,114.2305,,DRIVING,1,271,
2,1,259,22.33454,114.23041,,DRIVING,1,272,
2,1,260,22.33455,114.2303,,DRIVING,1,273,
2,1,261,22.33455,114.23011,,DRIVING,1,274,
2,1,262,22.33454,114.22997,,DRIVING,1,275,
2,1,263,22.33448,114.22961,,DRIVING,1,276,
2,1,264,22.33443,114.22942,,DRIVING,1,277,
2,1,265,22.33436,114.22915,,DRIVING,1,278,
2,1,266,22.3343,114.229,,DRIVING,1,279,
2,1,267,22.33423,114.22874,,DRIVING,1,280,
2,1,268,22.33423,114.22872,,DRIVING,1,281,
2,1,269,22.3342,114.22851,,DRIVING,1,282,
2,1,270,22.3342,114.22843,,DRIVING,1,283,
2,1,271,22.33423,114.22833,,DRIVING,1,284,
2,1,272,22.33425,114.22804,,DRIVING,1,285,
2,1,273,22.33425,114.22798,,DRIVING,1,286,
2,1,274,22.3342,114.22757,,DRIVING,1,287,
2,1,275,22.33417,114.22721,,DRIVING,1,288,
3,1,1,22.33417,114.22721,Turn  right  to stay on  Clear Water Bay Rd ,DRIVING,5,289,
3,1,2,22.33433,114.2272,,DRIVING,1,290,
3,1,3,22.33446,114.22716,,DRIVING,1,291,
3,1,4,22.33448,114.22714,,DRIVING,1,292,
3,1,5,22.33449,114.22713,,DRIVING,1,293,
3,1,6,22.33451,114.22711,,DRIVING,1,294,
3,1,7,22.33452,114.2271,,DRIVING,1,295,
3,1,8,22.33452,114.22708,,DRIVING,1,296,
3,1,9,22.33453,114.22707,,DRIVING,1,297,
3,1,10,22.33453,114.22704,,DRIVING,1,298,
3,1,11,22.33454,114.22701,,DRIVING,1,299,
3,1,12,22.33454,114.227,,DRIVING,1,300,
3,1,13,22.33453,114.22697,,DRIVING,1,301,
3,1,14,22.33431,114.22641,,DRIVING,1,302,
3,1,15,22.3343,114.22636,,DRIVING,1,303,
3,1,16,22.33429,114.22636,,DRIVING,1,304,
3,1,17,22.33428,114.22628,,DRIVING,1,305,
3,1,18,22.33426,114.22617,,DRIVING,1,306,
3,1,19,22.33426,114.22615,,DRIVING,1,307,
3,1,20,22.33422,114.22568,,DRIVING,1,308,
3,1,21,22.33419,114.2254,,DRIVING,1,309,
3,1,22,22.33416,114.22506,,DRIVING,1,310,
3,1,23,22.33417,114.2249,,DRIVING,1,311,
3,1,24,22.33418,114.22481,,DRIVING,1,312,
3,1,25,22.3342,114.22474,,DRIVING,1,313,
3,1,26,22.33421,114.22471,,DRIVING,1,314,
3,1,27,22.33422,114.22468,,DRIVING,1,315,
3,1,28,22.33429,114.22454,,DRIVING,1,316,
3,1,29,22.33436,114.22442,,DRIVING,1,317,
3,1,30,22.33439,114.22438,,DRIVING,1,318,
3,1,31,22.33446,114.22426,,DRIVING,1,319,
3,1,32,22.33448,114.22422,,DRIVING,1,320,
3,1,33,22.33448,114.22421,,DRIVING,1,321,
3,1,34,22.33449,114.22418,,DRIVING,1,322,
3,1,35,22.3345,114.2241,,DRIVING,1,323,
3,1,36,22.33451,114.22402,,DRIVING,1,324,
3,1,37,22.33451,114.22397,,DRIVING,1,325,
3,1,38,22.33447,114.2238,,DRIVING,1,326,
3,1,39,22.33413,114.22253,,DRIVING,1,327,
3,1,40,22.33396,114.22192,,DRIVING,1,328,
3,1,41,22.33392,114.22175,,DRIVING,1,329,
3,1,42,22.3339,114.22162,,DRIVING,1,330,
3,1,43,22.3339,114.2216,,DRIVING,1,331,
3,1,44,22.33389,114.22143,,DRIVING,1,332,
3,1,45,22.33388,114.22123,,DRIVING,1,333,
3,1,46,22.33388,114.22104,,DRIVING,1,334,
3,1,47,22.33386,114.22077,,DRIVING,1,335,
3,1,48,22.33376,114.21914,,DRIVING,1,336,
3,1,49,22.33374,114.21889,,DRIVING,1,337,
3,1,50,22.33375,114.21873,,DRIVING,1,338,
3,1,51,22.33374,114.21872,,DRIVING,1,339,
3,1,52,22.33377,114.21847,,DRIVING,1,340,
3,1,53,22.3338,114.21835,,DRIVING,1,341,
3,1,54,22.33387,114.21815,,DRIVING,1,342,
3,1,55,22.33393,114.21802,,DRIVING,1,343,
3,1,56,22.3342,114.21761,,DRIVING,1,344,
3,1,57,22.33424,114.21755,,DRIVING,1,345,
3,1,58,22.33432,114.2174,,DRIVING,1,346,
3,1,59,22.33438,114.21721,,DRIVING,1,347,
3,1,60,22.33444,114.21692,,DRIVING,1,348,
3,1,61,22.33449,114.2168,,DRIVING,1,349,
3,1,62,22.3345,114.21672,,DRIVING,1,350,
3,1,63,22.3345,114.21667,,DRIVING,1,351,
3,1,64,22.33448,114.21658,,DRIVING,1,352,
3,1,65,22.33443,114.21644,,DRIVING,1,353,
3,1,66,22.33441,114.21639,,DRIVING,1,354,
3,1,67,22.33438,114.21634,,DRIVING,1,355,
3,1,68,22.33428,114.21624,,DRIVING,1,356,
3,1,69,22.33415,114.21613,,DRIVING,1,357,
3,1,70,22.33405,114.21606,,DRIVING,1,358,
3,1,71,22.33394,114.21594,,DRIVING,1,359,
3,1,72,22.33387,114.21585,,DRIVING,1,360,
3,1,73,22.33382,114.21579,,DRIVING,1,361,
3,1,74,22.33378,114.21569,,DRIVING,1,362,
3,1,75,22.33375,114.21559,,DRIVING,1,363,
3,1,76,22.33372,114.21545,,DRIVING,1,364,
3,1,77,22.33367,114.21524,,DRIVING,1,365,
3,1,78,22.33366,114.21522,,DRIVING,1,366,
3,1,79,22.33354,114.21458,,DRIVING,1,367,
3,1,80,22.3335,114.21423,,DRIVING,1,368,
3,1,81,22.33351,114.21412,,DRIVING,1,369,
3,1,82,22.33351,114.21407,,DRIVING,1,370,
3,1,83,22.33353,114.21395,,DRIVING,1,371,
3,1,84,22.33353,114.21393,,DRIVING,1,372,
3,1,85,22.33357,114.21374,,DRIVING,1,373,
3,1,86,22.33358,114.21369,,DRIVING,1,374,
3,1,87,22.33358,114.21368,,DRIVING,1,375,
3,1,88,22.33372,114.21332,,DRIVING,1,376,
3,1,89,22.33377,114.21317,,DRIVING,1,377,
3,1,90,22.33379,114.2131,,DRIVING,1,378,
3,1,91,22.33381,114.21303,,DRIVING,1,379,
3,1,92,22.33381,114.21298,,DRIVING,1,380,
3,1,93,22.33381,114.21295,,DRIVING,1,381,
3,1,94,22.33379,114.21288,,DRIVING,1,382,
3,1,95,22.33378,114.21287,,DRIVING,1,383,
3,1,96,22.33361,114.21248,,DRIVING,1,384,
4,1,1,22.33361,114.21248,Turn  right  to stay on  Clear Water Bay Rd ,DRIVING,5,385,
4,1,2,22.33353,114.21236,,DRIVING,1,386,
4,1,3,22.33382,114.21213,,DRIVING,1,387,
4,1,4,22.33394,114.21203,,DRIVING,1,388,
4,1,5,22.33401,114.21196,,DRIVING,1,389,
4,1,6,22.33403,114.21194,,DRIVING,1,390,
4,1,7,22.3341,114.21184,,DRIVING,1,391,
4,1,8,22.33419,114.21172,,DRIVING,1,392,
5,1,1,22.33419,114.21172,Slight  left  to stay on  Clear Water Bay Rd ,DRIVING,5,393,
5,1,2,22.3343,114.21142,,DRIVING,1,394,
5,1,3,22.33434,114.21123,,DRIVING,1,395,
5,1,4,22.33436,114.21092,,DRIVING,1,396,
5,1,5,22.33436,114.21076,,DRIVING,1,397,
5,1,6,22.33436,114.21064,,DRIVING,1,398,
5,1,7,22.33436,114.2106,,DRIVING,1,399,
5,1,8,22.33436,114.21056,,DRIVING,1,400,
5,1,9,22.33435,114.2105,,DRIVING,1,401,
5,1,10,22.33434,114.21047,,DRIVING,1,402,
5,1,11,22.3343,114.21033,,DRIVING,1,403,
5,1,12,22.33413,114.20948,,DRIVING,1,404,
5,1,13,22.33409,114.20927,,DRIVING,1,405,
5,1,14,22.33408,114.20925,,DRIVING,1,406,
5,1,15,22.33405,114.20911,,DRIVING,1,407,
6,1,1,22.33405,114.20911,Slight  right  to stay on  Clear Water Bay Rd ,DRIVING,5,408,
6,1,2,22.33407,114.20897,,DRIVING,1,409,
6,1,3,22.3341,114.2087,,DRIVING,1,410,
6,1,4,22.33411,114.20867,,DRIVING,1,411,
6,1,5,22.33414,114.20851,,DRIVING,1,412,
6,1,6,22.33417,114.2084,,DRIVING,1,413,
6,1,7,22.3342,114.20831,,DRIVING,1,414,
6,1,8,22.33423,114.20823,,DRIVING,1,415,
6,1,9,22.33426,114.20819,,DRIVING,1,416,
6,1,10,22.33428,114.20816,,DRIVING,1,417,
6,1,11,22.33432,114.20812,,DRIVING,1,418,
6,1,12,22.33437,114.20806,,DRIVING,1,419,
6,1,13,22.33444,114.20799,,DRIVING,1,420,
7,1,1,22.33444,114.20799,Turn  right  onto  Lung Cheung Rd ,DRIVING,5,421,
7,1,2,22.33453,114.208,,DRIVING,1,422,
7,1,3,22.33455,114.208,,DRIVING,1,423,
7,1,4,22.33464,114.20798,,DRIVING,1,424,
7,1,5,22.33508,114.20778,,DRIVING,1,425,
7,1,6,22.33552,114.20758,,DRIVING,1,426,
7,1,7,22.33585,114.20741,,DRIVING,1,427,
7,1,8,22.33613,114.20728,,DRIVING,1,428,
8,1,1,22.33613,114.20728,Merge onto  Lung Cheung Rd /  Route 7  via the ramp to  Sha Tin /  Airport /  Kwai Chung /  沙田 /  機場 /  葵涌 ,DRIVING,5,429,
8,1,2,22.33623,114.20727,,DRIVING,1,430,
8,1,3,22.33638,114.20718,,DRIVING,1,431,
8,1,4,22.33654,114.20703,,DRIVING,1,432,
8,1,5,22.33666,114.20686,,DRIVING,1,433,
8,1,6,22.33691,114.2065,,DRIVING,1,434,
8,1,7,22.33743,114.20555,,DRIVING,1,435,
8,1,8,22.33762,114.20524,,DRIVING,1,436,
9,1,1,22.33762,114.20524,Take exit  9  to merge onto  Route 2  toward  Sha Tin /  沙田  Toll road ,DRIVING,5,437,
9,1,2,22.33763,114.20519,,DRIVING,1,438,
9,1,3,22.33762,114.20514,,DRIVING,1,439,
9,1,4,22.33761,114.20506,,DRIVING,1,440,
9,1,5,22.33754,114.20484,,DRIVING,1,441,
9,1,6,22.33753,114.20481,,DRIVING,1,442,
9,1,7,22.33752,114.20478,,DRIVING,1,443,
9,1,8,22.33741,114.20447,,DRIVING,1,444,
9,1,9,22.33738,114.20438,,DRIVING,1,445,
9,1,10,22.33736,114.20432,,DRIVING,1,446,
9,1,11,22.33736,114.20427,,DRIVING,1,447,
9,1,12,22.33734,114.2042,,DRIVING,1,448,
9,1,13,22.33733,114.20412,,DRIVING,1,449,
9,1,14,22.33734,114.20402,,DRIVING,1,450,
9,1,15,22.33736,114.20393,,DRIVING,1,451,
9,1,16,22.33739,114.20382,,DRIVING,1,452,
9,1,17,22.33741,114.20375,,DRIVING,1,453,
9,1,18,22.33745,114.20367,,DRIVING,1,454,
9,1,19,22.33749,114.20358,,DRIVING,1,455,
9,1,20,22.33752,114.20351,,DRIVING,1,456,
9,1,21,22.33756,114.20345,,DRIVING,1,457,
9,1,22,22.33761,114.2034,,DRIVING,1,458,
9,1,23,22.33769,114.20335,,DRIVING,1,459,
9,1,24,22.33777,114.2033,,DRIVING,1,460,
9,1,25,22.33778,114.2033,,DRIVING,1,461,
9,1,26,22.33785,114.20324,,DRIVING,1,462,
9,1,27,22.33796,114.20319,,DRIVING,1,463,
9,1,28,22.33806,114.20315,,DRIVING,1,464,
9,1,29,22.33817,114.20312,,DRIVING,1,465,
9,1,30,22.33832,114.2031,,DRIVING,1,466,
9,1,31,22.33844,114.2031,,DRIVING,1,467,
9,1,32,22.33861,114.2031,,DRIVING,1,468,
9,1,33,22.33864,114.20311,,DRIVING,1,469,
9,1,34,22.33882,114.20315,,DRIVING,1,470,
9,1,35,22.33906,114.20319,,DRIVING,1,471,
9,1,36,22.33929,114.20324,,DRIVING,1,472,
9,1,37,22.33936,114.20326,,DRIVING,1,473,
9,1,38,22.33948,114.20332,,DRIVING,1,474,
9,1,39,22.3398,114.20337,,DRIVING,1,475,
9,1,40,22.34009,114.20345,,DRIVING,1,476,
9,1,41,22.34045,114.2036,,DRIVING,1,477,
9,1,42,22.34064,114.20368,,DRIVING,1,478,
9,1,43,22.34076,114.20374,,DRIVING,1,479,
9,1,44,22.34077,114.20375,,DRIVING,1,480,
9,1,45,22.34092,114.20383,,DRIVING,1,481,
9,1,46,22.34108,114.20392,,DRIVING,1,482,
9,1,47,22.34109,114.20393,,DRIVING,1,483,
9,1,48,22.34125,114.20402,,DRIVING,1,484,
9,1,49,22.34135,114.20409,,DRIVING,1,485,
9,1,50,22.3415,114.20419,,DRIVING,1,486,
9,1,51,22.34158,114.20425,,DRIVING,1,487,
9,1,52,22.34165,114.2043,,DRIVING,1,488,
9,1,53,22.34171,114.20434,,DRIVING,1,489,
9,1,54,22.34196,114.2045,,DRIVING,1,490,
9,1,55,22.34208,114.20457,,DRIVING,1,491,
9,1,56,22.34216,114.20463,,DRIVING,1,492,
9,1,57,22.34224,114.20467,,DRIVING,1,493,
9,1,58,22.34239,114.20476,,DRIVING,1,494,
9,1,59,22.34255,114.20486,,DRIVING,1,495,
9,1,60,22.34271,114.20495,,DRIVING,1,496,
9,1,61,22.34287,114.20504,,DRIVING,1,497,
9,1,62,22.34302,114.20514,,DRIVING,1,498,
9,1,63,22.34318,114.20523,,DRIVING,1,499,
9,1,64,22.34334,114.20532,,DRIVING,1,500,
9,1,65,22.3435,114.20542,,DRIVING,1,501,
9,1,66,22.34366,114.20551,,DRIVING,1,502,
9,1,67,22.34381,114.2056,,DRIVING,1,503,
9,1,68,22.34397,114.2057,,DRIVING,1,504,
9,1,69,22.34412,114.20579,,DRIVING,1,505,
9,1,70,22.34413,114.20579,,DRIVING,1,506,
9,1,71,22.34429,114.20587,,DRIVING,1,507,
9,1,72,22.34446,114.20595,,DRIVING,1,508,
9,1,73,22.34462,114.20603,,DRIVING,1,509,
9,1,74,22.34478,114.20611,,DRIVING,1,510,
9,1,75,22.34495,114.20619,,DRIVING,1,511,
9,1,76,22.34511,114.20627,,DRIVING,1,512,
9,1,77,22.34528,114.20635,,DRIVING,1,513,
9,1,78,22.34544,114.20643,,DRIVING,1,514,
9,1,79,22.3456,114.20651,,DRIVING,1,515,
9,1,80,22.34577,114.20659,,DRIVING,1,516,
9,1,81,22.34581,114.20661,,DRIVING,1,517,
9,1,82,22.34594,114.20665,,DRIVING,1,518,
9,1,83,22.34611,114.20671,,DRIVING,1,519,
9,1,84,22.34628,114.20677,,DRIVING,1,520,
9,1,85,22.34645,114.20682,,DRIVING,1,521,
9,1,86,22.34663,114.20688,,DRIVING,1,522,
9,1,87,22.3468,114.20694,,DRIVING,1,523,
9,1,88,22.34697,114.207,,DRIVING,1,524,
9,1,89,22.34714,114.20706,,DRIVING,1,525,
9,1,90,22.34731,114.20711,,DRIVING,1,526,
9,1,91,22.34748,114.20717,,DRIVING,1,527,
9,1,92,22.3475,114.20718,,DRIVING,1,528,
9,1,93,22.34766,114.20723,,DRIVING,1,529,
9,1,94,22.34783,114.20728,,DRIVING,1,530,
9,1,95,22.348,114.20734,,DRIVING,1,531,
9,1,96,22.34817,114.20739,,DRIVING,1,532,
9,1,97,22.34835,114.20744,,DRIVING,1,533,
9,1,98,22.34852,114.2075,,DRIVING,1,534,
9,1,99,22.34869,114.20755,,DRIVING,1,535,
9,1,100,22.34887,114.20761,,DRIVING,1,536,
9,1,101,22.34904,114.20766,,DRIVING,1,537,
9,1,102,22.34921,114.20772,,DRIVING,1,538,
9,1,103,22.3493,114.20775,,DRIVING,1,539,
9,1,104,22.34938,114.20777,,DRIVING,1,540,
9,1,105,22.34956,114.20781,,DRIVING,1,541,
9,1,106,22.34973,114.20785,,DRIVING,1,542,
9,1,107,22.34991,114.2079,,DRIVING,1,543,
9,1,108,22.35009,114.20794,,DRIVING,1,544,
9,1,109,22.35026,114.20798,,DRIVING,1,545,
9,1,110,22.35044,114.20803,,DRIVING,1,546,
9,1,111,22.35061,114.20807,,DRIVING,1,547,
9,1,112,22.35079,114.20811,,DRIVING,1,548,
9,1,113,22.35096,114.20816,,DRIVING,1,549,
9,1,114,22.35114,114.2082,,DRIVING,1,550,
9,1,115,22.35131,114.20824,,DRIVING,1,551,
9,1,116,22.35149,114.20829,,DRIVING,1,552,
9,1,117,22.35166,114.20833,,DRIVING,1,553,
9,1,118,22.35184,114.20837,,DRIVING,1,554,
9,1,119,22.35202,114.20841,,DRIVING,1,555,
9,1,120,22.35219,114.20846,,DRIVING,1,556,
9,1,121,22.35237,114.2085,,DRIVING,1,557,
9,1,122,22.35254,114.20854,,DRIVING,1,558,
9,1,123,22.35272,114.20859,,DRIVING,1,559,
9,1,124,22.35289,114.20863,,DRIVING,1,560,
9,1,125,22.35307,114.20867,,DRIVING,1,561,
9,1,126,22.35324,114.20872,,DRIVING,1,562,
9,1,127,22.35342,114.20876,,DRIVING,1,563,
9,1,128,22.35359,114.2088,,DRIVING,1,564,
9,1,129,22.35377,114.20885,,DRIVING,1,565,
9,1,130,22.35394,114.20889,,DRIVING,1,566,
9,1,131,22.35412,114.20893,,DRIVING,1,567,
9,1,132,22.3543,114.20897,,DRIVING,1,568,
9,1,133,22.35447,114.20902,,DRIVING,1,569,
9,1,134,22.35465,114.20906,,DRIVING,1,570,
9,1,135,22.35482,114.2091,,DRIVING,1,571,
9,1,136,22.355,114.20915,,DRIVING,1,572,
9,1,137,22.35517,114.20919,,DRIVING,1,573,
9,1,138,22.3553,114.20922,,DRIVING,1,574,
9,1,139,22.35535,114.20923,,DRIVING,1,575,
9,1,140,22.35552,114.20928,,DRIVING,1,576,
9,1,141,22.3557,114.20932,,DRIVING,1,577,
9,1,142,22.35587,114.20937,,DRIVING,1,578,
9,1,143,22.35605,114.20941,,DRIVING,1,579,
9,1,144,22.35622,114.20946,,DRIVING,1,580,
9,1,145,22.3564,114.2095,,DRIVING,1,581,
9,1,146,22.35657,114.20955,,DRIVING,1,582,
9,1,147,22.35675,114.20959,,DRIVING,1,583,
9,1,148,22.35692,114.20964,,DRIVING,1,584,
9,1,149,22.3571,114.20968,,DRIVING,1,585,
9,1,150,22.35727,114.20972,,DRIVING,1,586,
9,1,151,22.35745,114.20977,,DRIVING,1,587,
9,1,152,22.35762,114.20981,,DRIVING,1,588,
9,1,153,22.3578,114.20986,,DRIVING,1,589,
9,1,154,22.35797,114.2099,,DRIVING,1,590,
9,1,155,22.35805,114.20992,,DRIVING,1,591,
9,1,156,22.35815,114.20995,,DRIVING,1,592,
9,1,157,22.35832,114.20999,,DRIVING,1,593,
9,1,158,22.3585,114.21003,,DRIVING,1,594,
9,1,159,22.35868,114.21007,,DRIVING,1,595,
9,1,160,22.35885,114.21012,,DRIVING,1,596,
9,1,161,22.35903,114.21016,,DRIVING,1,597,
9,1,162,22.3592,114.2102,,DRIVING,1,598,
9,1,163,22.35938,114.21024,,DRIVING,1,599,
9,1,164,22.35955,114.21029,,DRIVING,1,600,
9,1,165,22.35973,114.21033,,DRIVING,1,601,
9,1,166,22.3599,114.21037,,DRIVING,1,602,
9,1,167,22.36007,114.21041,,DRIVING,1,603,
9,1,168,22.36008,114.21041,,DRIVING,1,604,
9,1,169,22.36026,114.21045,,DRIVING,1,605,
9,1,170,22.36043,114.21049,,DRIVING,1,606,
9,1,171,22.36061,114.21053,,DRIVING,1,607,
9,1,172,22.36078,114.21057,,DRIVING,1,608,
9,1,173,22.36096,114.2106,,DRIVING,1,609,
9,1,174,22.36114,114.21064,,DRIVING,1,610,
9,1,175,22.36131,114.21068,,DRIVING,1,611,
9,1,176,22.36135,114.21069,,DRIVING,1,612,
9,1,177,22.36149,114.21073,,DRIVING,1,613,
9,1,178,22.36166,114.21077,,DRIVING,1,614,
9,1,179,22.36184,114.21082,,DRIVING,1,615,
9,1,180,22.36201,114.21087,,DRIVING,1,616,
9,1,181,22.36219,114.21091,,DRIVING,1,617,
9,1,182,22.36236,114.21096,,DRIVING,1,618,
9,1,183,22.36254,114.21101,,DRIVING,1,619,
9,1,184,22.36271,114.21106,,DRIVING,1,620,
9,1,185,22.36288,114.2111,,DRIVING,1,621,
9,1,186,22.36306,114.21115,,DRIVING,1,622,
9,1,187,22.36323,114.2112,,DRIVING,1,623,
9,1,188,22.36341,114.21124,,DRIVING,1,624,
9,1,189,22.36358,114.21129,,DRIVING,1,625,
9,1,190,22.36376,114.21134,,DRIVING,1,626,
9,1,191,22.36393,114.21139,,DRIVING,1,627,
9,1,192,22.36411,114.21143,,DRIVING,1,628,
9,1,193,22.36428,114.21148,,DRIVING,1,629,
9,1,194,22.36446,114.21153,,DRIVING,1,630,
9,1,195,22.36463,114.21157,,DRIVING,1,631,
9,1,196,22.3648,114.21162,,DRIVING,1,632,
9,1,197,22.36498,114.21167,,DRIVING,1,633,
9,1,198,22.36515,114.21172,,DRIVING,1,634,
9,1,199,22.36533,114.21176,,DRIVING,1,635,
9,1,200,22.3655,114.21181,,DRIVING,1,636,
9,1,201,22.36568,114.21186,,DRIVING,1,637,
9,1,202,22.36585,114.2119,,DRIVING,1,638,
9,1,203,22.36603,114.21195,,DRIVING,1,639,
9,1,204,22.3662,114.212,,DRIVING,1,640,
9,1,205,22.36638,114.21205,,DRIVING,1,641,
9,1,206,22.36655,114.21209,,DRIVING,1,642,
9,1,207,22.36672,114.21214,,DRIVING,1,643,
9,1,208,22.3669,114.21219,,DRIVING,1,644,
9,1,209,22.36707,114.21223,,DRIVING,1,645,
9,1,210,22.36725,114.21228,,DRIVING,1,646,
9,1,211,22.36742,114.21233,,DRIVING,1,647,
9,1,212,22.3676,114.21238,,DRIVING,1,648,
9,1,213,22.36777,114.21242,,DRIVING,1,649,
9,1,214,22.36795,114.21247,,DRIVING,1,650,
9,1,215,22.36812,114.21252,,DRIVING,1,651,
9,1,216,22.36829,114.21256,,DRIVING,1,652,
9,1,217,22.36847,114.21261,,DRIVING,1,653,
9,1,218,22.36864,114.21266,,DRIVING,1,654,
9,1,219,22.36882,114.21271,,DRIVING,1,655,
9,1,220,22.36899,114.21275,,DRIVING,1,656,
9,1,221,22.36917,114.2128,,DRIVING,1,657,
9,1,222,22.36934,114.21285,,DRIVING,1,658,
9,1,223,22.36952,114.21289,,DRIVING,1,659,
9,1,224,22.36969,114.21294,,DRIVING,1,660,
9,1,225,22.36986,114.21299,,DRIVING,1,661,
9,1,226,22.37004,114.21304,,DRIVING,1,662,
9,1,227,22.37021,114.21308,,DRIVING,1,663,
9,1,228,22.37039,114.21313,,DRIVING,1,664,
9,1,229,22.37056,114.21318,,DRIVING,1,665,
9,1,230,22.37074,114.21322,,DRIVING,1,666,
9,1,231,22.37091,114.21327,,DRIVING,1,667,
9,1,232,22.37109,114.21332,,DRIVING,1,668,
9,1,233,22.37126,114.21337,,DRIVING,1,669,
9,1,234,22.37144,114.21341,,DRIVING,1,670,
9,1,235,22.37161,114.21346,,DRIVING,1,671,
9,1,236,22.37178,114.21351,,DRIVING,1,672,
9,1,237,22.37196,114.21355,,DRIVING,1,673,
9,1,238,22.37213,114.2136,,DRIVING,1,674,
9,1,239,22.37231,114.21365,,DRIVING,1,675,
9,1,240,22.37237,114.21366,,DRIVING,1,676,
9,1,241,22.37249,114.21368,,DRIVING,1,677,
9,1,242,22.37266,114.21371,,DRIVING,1,678,
9,1,243,22.37284,114.21373,,DRIVING,1,679,
9,1,244,22.37301,114.21375,,DRIVING,1,680,
9,1,245,22.37302,114.21375,,DRIVING,1,681,
9,1,246,22.3732,114.21375,,DRIVING,1,682,
9,1,247,22.37338,114.21375,,DRIVING,1,683,
9,1,248,22.37356,114.21375,,DRIVING,1,684,
9,1,249,22.37374,114.21375,,DRIVING,1,685,
9,1,250,22.37392,114.21374,,DRIVING,1,686,
9,1,251,22.37393,114.21374,,DRIVING,1,687,
9,1,252,22.3741,114.21371,,DRIVING,1,688,
9,1,253,22.37427,114.21367,,DRIVING,1,689,
9,1,254,22.37445,114.21364,,DRIVING,1,690,
9,1,255,22.37463,114.2136,,DRIVING,1,691,
9,1,256,22.3748,114.21357,,DRIVING,1,692,
9,1,257,22.37485,114.21356,,DRIVING,1,693,
9,1,258,22.37498,114.21351,,DRIVING,1,694,
9,1,259,22.37508,114.21348,,DRIVING,1,695,
9,1,260,22.37515,114.21345,,DRIVING,1,696,
9,1,261,22.37531,114.21338,,DRIVING,1,697,
9,1,262,22.37548,114.21331,,DRIVING,1,698,
9,1,263,22.37565,114.21324,,DRIVING,1,699,
9,1,264,22.37575,114.2132,,DRIVING,1,700,
9,1,265,22.37581,114.21316,,DRIVING,1,701,
9,1,266,22.37596,114.21305,,DRIVING,1,702,
9,1,267,22.37628,114.21279,,DRIVING,1,703,
9,1,268,22.37629,114.21279,,DRIVING,1,704,
9,1,269,22.37632,114.21276,,DRIVING,1,705,
9,1,270,22.37643,114.21266,,DRIVING,1,706,
9,1,271,22.37657,114.21253,,DRIVING,1,707,
9,1,272,22.37667,114.21244,,DRIVING,1,708,
9,1,273,22.37674,114.21236,,DRIVING,1,709,
9,1,274,22.37686,114.21223,,DRIVING,1,710,
9,1,275,22.37698,114.21209,,DRIVING,1,711,
9,1,276,22.37728,114.21174,,DRIVING,1,712,
9,1,277,22.37776,114.2112,,DRIVING,1,713,
9,1,278,22.3778,114.21115,,DRIVING,1,714,
9,1,279,22.37821,114.21084,,DRIVING,1,715,
9,1,280,22.37822,114.21083,,DRIVING,1,716,
9,1,281,22.37878,114.2105,,DRIVING,1,717,
10,1,1,22.37878,114.2105,Keep  right  to continue on  Tate's Cairn Hwy /  Route 2  Toll road ,DRIVING,5,718,
10,1,2,22.37917,114.21035,,DRIVING,1,719,
10,1,3,22.37933,114.2103,,DRIVING,1,720,
10,1,4,22.37978,114.21019,,DRIVING,1,721,
11,1,1,22.37978,114.21019,Keep  right  to stay on  Tate's Cairn Hwy /  Route 2  Toll road ,DRIVING,5,722,
11,1,2,22.37989,114.2102,,DRIVING,1,723,
11,1,3,22.38011,114.21018,,DRIVING,1,724,
11,1,4,22.38023,114.21017,,DRIVING,1,725,
11,1,5,22.38036,114.21016,,DRIVING,1,726,
11,1,6,22.38044,114.21015,,DRIVING,1,727,
11,1,7,22.38062,114.21015,,DRIVING,1,728,
11,1,8,22.38106,114.21015,,DRIVING,1,729,
11,1,9,22.38135,114.21017,,DRIVING,1,730,
11,1,10,22.38182,114.21021,,DRIVING,1,731,
11,1,11,22.38222,114.21028,,DRIVING,1,732,
11,1,12,22.3826,114.21035,,DRIVING,1,733,
11,1,13,22.38261,114.21034,,DRIVING,1,734,
11,1,14,22.38276,114.21037,,DRIVING,1,735,
11,1,15,22.38294,114.2104,,DRIVING,1,736,
11,1,16,22.38306,114.21042,,DRIVING,1,737,
11,1,17,22.38317,114.21045,,DRIVING,1,738,
11,1,18,22.38321,114.21045,,DRIVING,1,739,
11,1,19,22.38348,114.21046,,DRIVING,1,740,
11,1,20,22.38376,114.2105,,DRIVING,1,741,
11,1,21,22.38392,114.21054,,DRIVING,1,742,
11,1,22,22.38408,114.21057,,DRIVING,1,743,
11,1,23,22.38495,114.21072,,DRIVING,1,744,
11,1,24,22.38521,114.21077,,DRIVING,1,745,
11,1,25,22.38533,114.21079,,DRIVING,1,746,
11,1,26,22.38636,114.21096,,DRIVING,1,747,
11,1,27,22.38689,114.21104,,DRIVING,1,748,
11,1,28,22.38776,114.21108,,DRIVING,1,749,
11,1,29,22.38812,114.21104,,DRIVING,1,750,
11,1,30,22.38832,114.211,,DRIVING,1,751,
11,1,31,22.38839,114.21099,,DRIVING,1,752,
11,1,32,22.38846,114.21097,,DRIVING,1,753,
11,1,33,22.38854,114.21095,,DRIVING,1,754,
11,1,34,22.38887,114.21085,,DRIVING,1,755,
11,1,35,22.38905,114.21077,,DRIVING,1,756,
11,1,36,22.39013,114.21017,,DRIVING,1,757,
11,1,37,22.39055,114.20993,,DRIVING,1,758,
11,1,38,22.39108,114.20968,,DRIVING,1,759,
11,1,39,22.39194,114.20943,,DRIVING,1,760,
11,1,40,22.39232,114.20938,,DRIVING,1,761,
11,1,41,22.39264,114.20935,,DRIVING,1,762,
11,1,42,22.39301,114.20933,,DRIVING,1,763,
11,1,43,22.39325,114.20934,,DRIVING,1,764,
11,1,44,22.39344,114.20936,,DRIVING,1,765,
11,1,45,22.39368,114.20939,,DRIVING,1,766,
11,1,46,22.39374,114.20939,,DRIVING,1,767,
11,1,47,22.39387,114.20941,,DRIVING,1,768,
11,1,48,22.3943,114.20951,,DRIVING,1,769,
11,1,49,22.39512,114.20978,,DRIVING,1,770,
11,1,50,22.39582,114.21003,,DRIVING,1,771,
11,1,51,22.3966,114.21038,,DRIVING,1,772,
11,1,52,22.39746,114.21076,,DRIVING,1,773,
11,1,53,22.39786,114.21102,,DRIVING,1,774,
11,1,54,22.39802,114.21111,,DRIVING,1,775,
11,1,55,22.39825,114.21126,,DRIVING,1,776,
11,1,56,22.39848,114.21142,,DRIVING,1,777,
11,1,57,22.39875,114.21161,,DRIVING,1,778,
11,1,58,22.39883,114.21167,,DRIVING,1,779,
11,1,59,22.39898,114.21178,,DRIVING,1,780,
11,1,60,22.39906,114.21184,,DRIVING,1,781,
11,1,61,22.39914,114.2119,,DRIVING,1,782,
11,1,62,22.39939,114.2121,,DRIVING,1,783,
11,1,63,22.39946,114.21216,,DRIVING,1,784,
11,1,64,22.39954,114.21223,,DRIVING,1,785,
11,1,65,22.40001,114.21264,,DRIVING,1,786,
11,1,66,22.4001,114.21273,,DRIVING,1,787,
11,1,67,22.40022,114.21284,,DRIVING,1,788,
11,1,68,22.40063,114.21324,,DRIVING,1,789,
11,1,69,22.40121,114.2138,,DRIVING,1,790,
11,1,70,22.4014,114.21399,,DRIVING,1,791,
11,1,71,22.40178,114.2144,,DRIVING,1,792,
11,1,72,22.40201,114.21466,,DRIVING,1,793,
11,1,73,22.40224,114.21494,,DRIVING,1,794,
11,1,74,22.40226,114.21497,,DRIVING,1,795,
11,1,75,22.40235,114.21508,,DRIVING,1,796,
11,1,76,22.4024,114.21515,,DRIVING,1,797,
11,1,77,22.40258,114.21547,,DRIVING,1,798,
11,1,78,22.4028,114.2158,,DRIVING,1,799,
11,1,79,22.40317,114.21644,,DRIVING,1,800,
11,1,80,22.40338,114.21679,,DRIVING,1,801,
11,1,81,22.4035,114.217,,DRIVING,1,802,
11,1,82,22.40366,114.21726,,DRIVING,1,803,
11,1,83,22.40375,114.21739,,DRIVING,1,804,
11,1,84,22.40384,114.2175,,DRIVING,1,805,
11,1,85,22.40394,114.21761,,DRIVING,1,806,
11,1,86,22.40402,114.21767,,DRIVING,1,807,
11,1,87,22.40411,114.21776,,DRIVING,1,808,
11,1,88,22.40439,114.21793,,DRIVING,1,809,
11,1,89,22.40457,114.21801,,DRIVING,1,810,
11,1,90,22.40478,114.21805,,DRIVING,1,811,
11,1,91,22.40491,114.21807,,DRIVING,1,812,
11,1,92,22.40498,114.21807,,DRIVING,1,813,
11,1,93,22.40511,114.21808,,DRIVING,1,814,
11,1,94,22.40526,114.21807,,DRIVING,1,815,
11,1,95,22.40537,114.21804,,DRIVING,1,816,
11,1,96,22.40545,114.21801,,DRIVING,1,817,
11,1,97,22.40551,114.218,,DRIVING,1,818,
11,1,98,22.40565,114.21795,,DRIVING,1,819,
11,1,99,22.40577,114.2179,,DRIVING,1,820,
11,1,100,22.40578,114.2179,,DRIVING,1,821,
11,1,101,22.40587,114.21784,,DRIVING,1,822,
11,1,102,22.40601,114.21775,,DRIVING,1,823,
11,1,103,22.4061,114.21769,,DRIVING,1,824,
11,1,104,22.40619,114.21761,,DRIVING,1,825,
11,1,105,22.40631,114.2175,,DRIVING,1,826,
11,1,106,22.40638,114.21744,,DRIVING,1,827,
11,1,107,22.40639,114.21742,,DRIVING,1,828,
11,1,108,22.40662,114.21712,,DRIVING,1,829,
11,1,109,22.40699,114.21666,,DRIVING,1,830,
11,1,110,22.40719,114.21643,,DRIVING,1,831,
11,1,111,22.40727,114.21632,,DRIVING,1,832,
11,1,112,22.40736,114.21621,,DRIVING,1,833,
11,1,113,22.40774,114.21574,,DRIVING,1,834,
11,1,114,22.40812,114.21526,,DRIVING,1,835,
11,1,115,22.40822,114.21515,,DRIVING,1,836,
11,1,116,22.40831,114.21504,,DRIVING,1,837,
11,1,117,22.40836,114.21498,,DRIVING,1,838,
11,1,118,22.40846,114.21485,,DRIVING,1,839,
11,1,119,22.40888,114.21436,,DRIVING,1,840,
11,1,120,22.40907,114.21414,,DRIVING,1,841,
11,1,121,22.40913,114.21406,,DRIVING,1,842,
11,1,122,22.4092,114.21397,,DRIVING,1,843,
11,1,123,22.4094,114.21374,,DRIVING,1,844,
11,1,124,22.40959,114.21351,,DRIVING,1,845,
11,1,125,22.40964,114.21344,,DRIVING,1,846,
11,1,126,22.40973,114.21333,,DRIVING,1,847,
11,1,127,22.40982,114.21321,,DRIVING,1,848,
11,1,128,22.4099,114.2131,,DRIVING,1,849,
11,1,129,22.41,114.21297,,DRIVING,1,850,
11,1,130,22.41008,114.21289,,DRIVING,1,851,
11,1,131,22.41017,114.21281,,DRIVING,1,852,
11,1,132,22.41026,114.21273,,DRIVING,1,853,
11,1,133,22.41026,114.21272,,DRIVING,1,854,
11,1,134,22.41038,114.21262,,DRIVING,1,855,
11,1,135,22.41038,114.21261,,DRIVING,1,856,
11,1,136,22.4105,114.21253,,DRIVING,1,857,
11,1,137,22.41065,114.21245,,DRIVING,1,858,
11,1,138,22.41071,114.21241,,DRIVING,1,859,
11,1,139,22.41085,114.21234,,DRIVING,1,860,
11,1,140,22.41096,114.2123,,DRIVING,1,861,
11,1,141,22.41109,114.21225,,DRIVING,1,862,
12,1,1,22.41109,114.21225,Take exit  7A  toward  Ma Liu Shui /  Pak Shek Kok /  馬料水 /  白石角 ,DRIVING,5,863,
12,1,2,22.41114,114.2122,,DRIVING,1,864,
12,1,3,22.41115,114.21219,,DRIVING,1,865,
12,1,4,22.41124,114.21215,,DRIVING,1,866,
12,1,5,22.41137,114.21214,,DRIVING,1,867,
12,1,6,22.41145,114.21213,,DRIVING,1,868,
12,1,7,22.41151,114.21212,,DRIVING,1,869,
12,1,8,22.41166,114.21212,,DRIVING,1,870,
12,1,9,22.41186,114.21212,,DRIVING,1,871,
12,1,10,22.41187,114.21212,,DRIVING,1,872,
12,1,11,22.41232,114.2121,,DRIVING,1,873,
12,1,12,22.4127,114.21213,,DRIVING,1,874,
12,1,13,22.41313,114.21219,,DRIVING,1,875,
12,1,14,22.41332,114.21221,,DRIVING,1,876,
12,1,15,22.41338,114.21222,,DRIVING,1,877,
12,1,16,22.41347,114.21222,,DRIVING,1,878,
12,1,17,22.41358,114.21222,,DRIVING,1,879,
12,1,18,22.41363,114.21221,,DRIVING,1,880,
12,1,19,22.41369,114.2122,,DRIVING,1,881,
12,1,20,22.41374,114.21218,,DRIVING,1,882,
12,1,21,22.4138,114.21215,,DRIVING,1,883,
12,1,22,22.41393,114.21207,,DRIVING,1,884,
12,1,23,22.41402,114.21202,,DRIVING,1,885,
13,1,1,22.41402,114.21202,"At the roundabout, take the  3rd  exit onto  Chak Cheung St ",DRIVING,5,886,
13,1,2,22.41402,114.21201,,DRIVING,1,887,
13,1,3,22.41402,114.212,,DRIVING,1,888,
13,1,4,22.41402,114.21199,,DRIVING,1,889,
13,1,5,22.41402,114.21198,,DRIVING,1,890,
13,1,6,22.41402,114.21197,,DRIVING,1,891,
13,1,7,22.41402,114.21196,,DRIVING,1,892,
13,1,8,22.41402,114.21195,,DRIVING,1,893,
13,1,9,22.41403,114.21195,,DRIVING,1,894,
13,1,10,22.41403,114.21194,,DRIVING,1,895,
13,1,11,22.41404,114.21193,,DRIVING,1,896,
13,1,12,22.41404,114.21192,,DRIVING,1,897,
13,1,13,22.41405,114.21192,,DRIVING,1,898,
13,1,14,22.41405,114.21191,,DRIVING,1,899,
13,1,15,22.41406,114.21191,,DRIVING,1,900,
13,1,16,22.41407,114.2119,,DRIVING,1,901,
13,1,17,22.41408,114.2119,,DRIVING,1,902,
13,1,18,22.41408,114.21189,,DRIVING,1,903,
13,1,19,22.41409,114.21189,,DRIVING,1,904,
13,1,20,22.41412,114.21189,,DRIVING,1,905,
13,1,21,22.41414,114.21189,,DRIVING,1,906,
13,1,22,22.41417,114.2119,,DRIVING,1,907,
13,1,23,22.41418,114.2119,,DRIVING,1,908,
13,1,24,22.41418,114.21191,,DRIVING,1,909,
13,1,25,22.41419,114.21191,,DRIVING,1,910,
13,1,26,22.41419,114.21192,,DRIVING,1,911,
13,1,27,22.4142,114.21192,,DRIVING,1,912,
13,1,28,22.4142,114.21193,,DRIVING,1,913,
13,1,29,22.41421,114.21193,,DRIVING,1,914,
13,1,30,22.41421,114.21194,,DRIVING,1,915,
13,1,31,22.41422,114.21195,,DRIVING,1,916,
13,1,32,22.41422,114.21196,,DRIVING,1,917,
13,1,33,22.41422,114.21197,,DRIVING,1,918,
13,1,34,22.41422,114.21198,,DRIVING,1,919,
13,1,35,22.41423,114.21198,,DRIVING,1,920,
13,1,36,22.41423,114.21199,,DRIVING,1,921,
13,1,37,22.41423,114.212,,DRIVING,1,922,
13,1,38,22.41423,114.21201,,DRIVING,1,923,
13,1,39,22.41423,114.21202,,DRIVING,1,924,
13,1,40,22.41422,114.21202,,DRIVING,1,925,
13,1,41,22.41422,114.21203,,DRIVING,1,926,
13,1,42,22.41422,114.21204,,DRIVING,1,927,
13,1,43,22.41422,114.21205,,DRIVING,1,928,
13,1,44,22.41421,114.21205,,DRIVING,1,929,
13,1,45,22.41421,114.21206,,DRIVING,1,930,
13,1,46,22.41421,114.21207,,DRIVING,1,931,
13,1,47,22.4142,114.21207,,DRIVING,1,932,
13,1,48,22.4142,114.21208,,DRIVING,1,933,
13,1,49,22.41419,114.21208,,DRIVING,1,934,
13,1,50,22.41419,114.21209,,DRIVING,1,935,
13,1,51,22.41418,114.21209,,DRIVING,1,936,
13,1,52,22.41418,114.2121,,DRIVING,1,937,
13,1,53,22.41417,114.2121,,DRIVING,1,938,
13,1,54,22.41416,114.21211,,DRIVING,1,939,
13,1,55,22.41406,114.21252,,DRIVING,1,940,
13,1,56,22.41405,114.21254,,DRIVING,1,941,
13,1,57,22.41401,114.2128,,DRIVING,1,942,
13,1,58,22.41398,114.21305,,DRIVING,1,943,
13,1,59,22.41398,114.21315,,DRIVING,1,944,
13,1,60,22.41399,114.21319,,DRIVING,1,945,
13,1,61,22.414,114.21324,,DRIVING,1,946,
14,1,1,22.414,114.21324,"At the roundabout, continue straight onto  Science Park Rd ",DRIVING,5,947,
14,1,2,22.414,114.21325,,DRIVING,1,948,
14,1,3,22.41401,114.21325,,DRIVING,1,949,
14,1,4,22.41401,114.21326,,DRIVING,1,950,
14,1,5,22.41401,114.21327,,DRIVING,1,951,
14,1,6,22.41402,114.21328,,DRIVING,1,952,
14,1,7,22.41402,114.21329,,DRIVING,1,953,
14,1,8,22.41402,114.2133,,DRIVING,1,954,
14,1,9,22.41403,114.21331,,DRIVING,1,955,
14,1,10,22.41403,114.21332,,DRIVING,1,956,
14,1,11,22.41403,114.21333,,DRIVING,1,957,
14,1,12,22.41403,114.21334,,DRIVING,1,958,
14,1,13,22.41403,114.21335,,DRIVING,1,959,
14,1,14,22.41402,114.21336,,DRIVING,1,960,
14,1,15,22.41402,114.21337,,DRIVING,1,961,
14,1,16,22.41402,114.21338,,DRIVING,1,962,
14,1,17,22.41402,114.21339,,DRIVING,1,963,
14,1,18,22.41401,114.21339,,DRIVING,1,964,
14,1,19,22.41401,114.2134,,DRIVING,1,965,
14,1,20,22.414,114.21341,,DRIVING,1,966,
14,1,21,22.414,114.21342,,DRIVING,1,967,
14,1,22,22.41399,114.21352,,DRIVING,1,968,
14,1,23,22.41399,114.21354,,DRIVING,1,969,
14,1,24,22.414,114.21357,,DRIVING,1,970,
14,1,25,22.41401,114.21361,,DRIVING,1,971,
14,1,26,22.41402,114.21363,,DRIVING,1,972,
14,1,27,22.41402,114.21364,,DRIVING,1,973,
14,1,28,22.41403,114.21367,,DRIVING,1,974,
14,1,29,22.41407,114.21376,,DRIVING,1,975,
14,1,30,22.4141,114.2138,,DRIVING,1,976,
14,1,31,22.41415,114.21386,,DRIVING,1,977,
14,1,32,22.41423,114.21395,,DRIVING,1,978,
14,1,33,22.41432,114.21402,,DRIVING,1,979,
14,1,34,22.41442,114.21409,,DRIVING,1,980,
14,1,35,22.41453,114.21414,,DRIVING,1,981,
14,1,36,22.41463,114.21417,,DRIVING,1,982,
14,1,37,22.41465,114.21418,,DRIVING,1,983,
14,1,38,22.41479,114.2142,,DRIVING,1,984,
14,1,39,22.41481,114.2142,,DRIVING,1,985,
14,1,40,22.41494,114.2142,,DRIVING,1,986,
14,1,41,22.41506,114.21419,,DRIVING,1,987,
14,1,42,22.41518,114.21415,,DRIVING,1,988,
14,1,43,22.4153,114.21411,,DRIVING,1,989,
14,1,44,22.41543,114.21404,,DRIVING,1,990,
14,1,45,22.41549,114.21401,,DRIVING,1,991,
14,1,46,22.41587,114.21383,,DRIVING,1,992,
14,1,47,22.41591,114.21382,,DRIVING,1,993,
14,1,48,22.41604,114.21377,,DRIVING,1,994,
14,1,49,22.41617,114.21373,,DRIVING,1,995,
14,1,50,22.4163,114.21371,,DRIVING,1,996,
14,1,51,22.41639,114.21371,,DRIVING,1,997,
14,1,52,22.41654,114.21372,,DRIVING,1,998,
14,1,53,22.41674,114.21375,,DRIVING,1,999,
14,1,54,22.41701,114.21379,,DRIVING,1,1000,
14,1,55,22.4178,114.21392,,DRIVING,1,1001,
14,1,56,22.41821,114.21399,,DRIVING,1,1002,
14,1,57,22.41844,114.21401,,DRIVING,1,1003,
14,1,58,22.41867,114.21405,,DRIVING,1,1004,
14,1,59,22.41912,114.21415,,DRIVING,1,1005,
14,1,60,22.41914,114.21415,,DRIVING,1,1006,
14,1,61,22.41929,114.21418,,DRIVING,1,1007,
14,1,62,22.41941,114.2142,,DRIVING,1,1008,
14,1,63,22.41942,114.2142,,DRIVING,1,1009,
14,1,64,22.41956,114.21422,,DRIVING,1,1010,
14,1,65,22.41974,114.21424,,DRIVING,1,1011,
14,1,66,22.41998,114.21425,,DRIVING,1,1012,
14,1,67,22.42018,114.21424,,DRIVING,1,1013,
14,1,68,22.42044,114.21423,,DRIVING,1,1014,
14,1,69,22.42098,114.21417,,DRIVING,1,1015,
14,1,70,22.42108,114.21416,,DRIVING,1,1016,
14,1,71,22.42128,114.21414,,DRIVING,1,1017,
14,1,72,22.42157,114.2141,,DRIVING,1,1018,
14,1,73,22.42159,114.2141,,DRIVING,1,1019,
14,1,74,22.42232,114.21405,,DRIVING,1,1020,
15,1,1,22.42232,114.21405,Turn  left  toward  Biotechnology Ave ,DRIVING,5,1021,
15,1,2,22.4222,114.21367,,DRIVING,1,1022,
15,1,3,22.42207,114.21329,,DRIVING,1,1023,
16,1,1,22.42207,114.21329,Turn  left  onto  Biotechnology Ave ,DRIVING,5,1024,
16,1,2,22.4217,114.21346,,DRIVING,1,1025,
16,1,3,22.42141,114.21356,,DRIVING,1,1026,
16,1,4,22.4212,114.21364,,DRIVING,1,1027,
16,1,5,22.42113,114.21366,,DRIVING,1,1028,
16,1,6,22.42109,114.21369,,DRIVING,1,1029,
16,1,7,22.42105,114.21374,,DRIVING,1,1030,
16,1,8,22.42101,114.2138,,DRIVING,1,1031,
16,1,9,22.42099,114.21383,,DRIVING,1,1032,
16,1,10,22.4209,114.21401,,DRIVING,1,1033,
16,1,11,22.4209,114.21402,,DRIVING,1,1034,
16,1,12,22.42088,114.21403,,DRIVING,1,1035,
16,1,13,22.42085,114.21405,,DRIVING,1,1036,
16,1,14,22.42076,114.21408,,DRIVING,1,1037,
16,1,15,22.4206,114.21411,,DRIVING,1,1038,
16,1,16,22.42053,114.21412,,DRIVING,1,1039,
16,1,17,22.4205,114.21413,,DRIVING,1,1040,
16,1,18,22.42043,114.21413,,DRIVING,1,1041,
16,1,19,22.42039,114.21413,,DRIVING,1,1042,
16,1,20,22.42035,114.21413,,DRIVING,1,1043,
16,1,21,22.42031,114.21413,,DRIVING,1,1044,
16,1,22,22.42026,114.21413,,DRIVING,1,1045,
16,1,23,22.42022,114.21412,,DRIVING,1,1046,
16,1,24,22.42018,114.21411,,DRIVING,1,1047,
16,1,25,22.42015,114.21409,,DRIVING,1,1048,
16,1,26,22.42013,114.21407,,DRIVING,1,1049,
16,1,27,22.4201,114.21404,,DRIVING,1,1050,
17,1,1,22.4201,114.21404, Biotechnology Ave  turns  right  and becomes  Number 2 Bridge ,DRIVING,5,1051,
17,1,2,22.42009,114.21403,,DRIVING,1,1052,
17,1,3,22.42009,114.21402,,DRIVING,1,1053,
17,1,4,22.42008,114.21393,,DRIVING,1,1054,
17,1,5,22.42006,114.21385,,DRIVING,1,1055,
17,1,6,22.42003,114.21358,,DRIVING,1,1056,
17,1,7,22.42002,114.21346,,DRIVING,1,1057,
17,1,8,22.42,114.21327,,DRIVING,1,1058,
17,1,9,22.41999,114.21318,,DRIVING,1,1059,
17,1,10,22.41996,114.2129,,DRIVING,1,1060,
17,1,11,22.41995,114.21284,,DRIVING,1,1061,
18,1,1,22.41995,114.21284,Turn  left  onto  Campus Circuit East /  Sea Side Dr ,DRIVING,5,1062,
18,1,2,22.41953,114.21291,,DRIVING,1,1063,
18,1,3,22.41941,114.21293,,DRIVING,1,1064,
18,1,4,22.4193,114.21294,,DRIVING,1,1065,
18,1,5,22.41907,114.21294,,DRIVING,1,1066,
18,1,6,22.41876,114.21292,,DRIVING,1,1067,
18,1,7,22.41869,114.21291,,DRIVING,1,1068,
18,1,8,22.41851,114.21288,,DRIVING,1,1069,
18,1,9,22.41838,114.21284,,DRIVING,1,1070,
18,1,10,22.41822,114.21278,,DRIVING,1,1071,
18,1,11,22.41801,114.21266,,DRIVING,1,1072,
18,1,12,22.41798,114.21265,,DRIVING,1,1073,
18,1,13,22.41785,114.21257,,DRIVING,1,1074,
18,1,14,22.4177,114.21246,,DRIVING,1,1075,
18,1,15,22.41756,114.21235,,DRIVING,1,1076,
19,1,1,22.41756,114.21235,Turn  right  onto  University Ave ,DRIVING,5,1077,
19,1,2,22.41759,114.2123,,DRIVING,1,1078,
19,1,3,22.4176,114.21226,,DRIVING,1,1079,
19,1,4,22.41761,114.21221,,DRIVING,1,1080,
19,1,5,22.41762,114.21213,,DRIVING,1,1081,
19,1,6,22.41762,114.21198,,DRIVING,1,1082,
19,1,7,22.41762,114.21178,,DRIVING,1,1083,
19,1,8,22.41762,114.21171,,DRIVING,1,1084,
19,1,9,22.41762,114.21159,,DRIVING,1,1085,
19,1,10,22.41763,114.21152,,DRIVING,1,1086,
19,1,11,22.41771,114.21114,,DRIVING,1,1087,
19,1,12,22.41773,114.21103,,DRIVING,1,1088,
19,1,13,22.41798,114.2098,,DRIVING,1,1089,
19,1,14,22.41809,114.20958,,DRIVING,1,1090,
19,1,15,22.41814,114.20943,,DRIVING,1,1091,
19,1,16,22.41833,114.20903,,DRIVING,1,1092,
19,1,17,22.41855,114.20872,,DRIVING,1,1093,
19,1,18,22.41857,114.20868,,DRIVING,1,1094,
19,1,19,22.4186,114.20863,,DRIVING,1,1095,
19,1,20,22.41862,114.2086,,DRIVING,1,1096,
19,1,21,22.41862,114.20858,,DRIVING,1,1097,
19,1,22,22.41863,114.20855,,DRIVING,1,1098,
19,1,23,22.41864,114.20851,,DRIVING,1,1099,
19,1,24,22.41864,114.20848,,DRIVING,1,1100,
19,1,25,22.41863,114.20844,,DRIVING,1,1101,
19,1,26,22.4186,114.20832,,DRIVING,1,1102,
19,1,27,22.41856,114.2082,,DRIVING,1,1103,
19,1,28,22.41853,114.20802,,DRIVING,1,1104,
20,1,1,22.41853,114.20802,Turn  right  onto  Central Ave  Destination will be on the left ,DRIVING,5,1105,
20,1,2,22.41865,114.20803,,DRIVING,1,1106,
20,1,3,22.41871,114.20804,,DRIVING,1,1107,
20,1,4,22.41873,114.20805,,DRIVING,1,1108,
20,1,5,22.41875,114.20807,,DRIVING,1,1109,
20,1,6,22.41876,114.20808,,DRIVING,1,1110,
20,1,7,22.41877,114.2081,,DRIVING,1,1111,
20,1,8,22.41878,114.20811,,DRIVING,1,1112,
20,1,9,22.41879,114.20815,,DRIVING,1,1113,
20,1,10,22.41881,114.2084,,DRIVING,1,1114,
20,1,11,22.41882,114.20842,,DRIVING,1,1115,
20,1,12,22.41883,114.20857,,DRIVING,1,1116,
20,1,13,22.41884,114.2086,,DRIVING,1,1117,
20,1,14,22.41885,114.20869,,DRIVING,1,1118,
20,1,15,22.41887,114.20883,,DRIVING,1,1119,
20,1,16,22.41891,114.20892,,DRIVING,1,1120,
20,1,17,22.41894,114.20896,,DRIVING,1,1121,
20,1,18,22.41897,114.20901,,DRIVING,1,1122,
20,1,19,22.419,114.20904,,DRIVING,1,1123,
20,1,20,22.41904,114.20907,,DRIVING,1,1124,
20,1,21,22.4191,114.20911,,DRIVING,1,1125,
20,1,22,22.41918,114.20915,,DRIVING,1,1126,
20,1,23,22.41929,114.20919,,DRIVING,1,1127,
20,1,24,22.41941,114.20925,,DRIVING,1,1128,
20,1,25,22.41944,114.20926,,DRIVING,1,1129,
20,1,26,22.41945,114.20926,,DRIVING,1,1130,
20,1,27,22.4195,114.20927,,DRIVING,1,1131,
20,1,28,22.41952,114.20927,,DRIVING,1,1132,
20,1,29,22.41957,114.20927,,DRIVING,1,1133,
20,1,30,22.4196,114.20925,,DRIVING,1,1134,
20,1,31,22.41962,114.20922,,DRIVING,1,1135,
20,1,32,22.41963,114.20921,,DRIVING,1,1136,
20,1,33,22.41963,114.20918,,DRIVING,1,1137,
20,1,34,22.41964,114.20914,,DRIVING,1,1138,
20,1,35,22.41963,114.2091,,DRIVING,1,1139,
20,1,36,22.41963,114.20905,,DRIVING,1,1140,
20,1,37,22.41964,114.20896,,DRIVING,1,1141,
20,1,38,22.41966,114.2089,,DRIVING,1,1142,
20,1,39,22.41968,114.20883,,DRIVING,1,1143,
20,1,40,22.41978,114.20872,,DRIVING,1,1144,
20,1,41,22.4198,114.20868,,DRIVING,1,1145,
20,1,42,22.4198,114.20867,,DRIVING,1,1146,
20,1,43,22.41983,114.20861,,DRIVING,1,1147,
20,1,44,22.41984,114.20856,,DRIVING,1,1148,
20,1,45,22.41985,114.20851,,DRIVING,1,1149,
20,1,46,22.41985,114.2085,,DRIVING,1,1150,
20,1,47,22.41985,114.20842,,DRIVING,1,1151,
20,1,48,22.41985,114.2083,,DRIVING,1,1152,
20,1,49,22.41986,114.20811,,DRIVING,1,1153,
20,1,50,22.41986,114.20791,,DRIVING,1,1154,
20,1,51,22.41987,114.20747,,DRIVING,1,1155,
20,1,52,22.41987,114.20743,,DRIVING,1,1156,
20,1,53,22.41987,114.20739,,DRIVING,1,1157,
20,1,54,22.41987,114.20715,,DRIVING,1,1158,
20,1,55,22.41987,114.20699,,DRIVING,1,1159,
20,1,56,22.41986,114.20676,,DRIVING,10,1160,Destination
